id_pessoa,id_emprestimo,id_historico_solicitacao,idade,salario,situacao_casa,tempo_trabalhando,motivo_emprestimo,pontuacao_emprestimo,valor_total_emprestimo,juros_emprestimo,risco_inadimplencia,percentual_ocup_salario,ja_foi_inadimplente,tempo_primeira_solicitacao
AspC7qDK-5Esh,kZHfWgGv-0dWJ,UwfbzeaW-9tQt,21,60000,Alugada,2,Educativo,B,8000,11.26,0,0.13,N,3
2NjYU2iT-fGSm,j7elJxsY-eTEQ,viRQ2WYn-yJ2G,40,70000,Hipotecada,6,Educativo,A,18000,7.9,0,0.26,N,14
nTOKgZCT-YPUD,t9dKvc6a-4eAL,IEHObaim-KPC9,29,115000,Hipotecada,3,Medico,C,22000,15.23,0,0.19,S,7
J3jGNZeh-OzZE,NaelpPC5-t2kz,GvqL52S8-S8OH,26,84996,Alugada,0,Medico,B,9000,11.26,0,0.11,N,2
vWU9daSB-j8dl,c2oiPkzH-bNzv,hmLFyYXf-PDzt,31,66000,Alugada,11,Reforma_casa,B,10500,12.69,0,0.16,N,10
7LKrRZOZ-47mv,lTCCAyrN-bWC4,YLy2dxZ3-31KB,39,55000,Alugada,0,Medico,B,3000,10.2,0,0.05,N,15
OQXEoNPl-hL0f,QxdBboWP-KKFh,Ue0IMCKa-d0AQ,23,24000,Propria,7,Educativo,A,5000,7.49,0,0.21,N,2
GiP48I8v-4QMo,uYH6bhrT-ewlf,ZSKhw1Wq-Grfc,27,56253,Alugada,11,Emprendimento,B,10000,11.36,0,0.18,N,8
rz6KYxBX-SCcJ,rexKO1Fs-lZn3,gngDxDmO-YH6A,32,19200,Alugada,0,Emprendimento,B,5000,9.99,1,0.26,N,6
IJKlCu5g-hK22,Ki2Rr7Di-8Is1,b8bJFyze-0WBF,24,18000,Propria,0,Reforma_casa,A,6250,6.54,1,0.35,N,4
v5Grr8dX-DXMW,g8pIP7Bg-kFSS,TcCFGKpI-LNX7,26,60000,Hipotecada,10,Pessoal,A,1200,7.4,0,0.02,N,4
Zx2PDoqF-vBJi,8AK6FttX-HrNB,QCIoQ2Z0-aFDN,24,82000,Hipotecada,8,Pessoal,A,6000,6.76,0,0.07,N,3
wMp1ZyKP-gOyI,Jd2B5kU3-exrp,hgn0rKnu-w36h,31,15000,Alugada,2,Emprendimento,B,4000,11.49,1,0.27,N,6
mpfjpS76-GpMH,U3GtqMpT-D0SF,lusooYZf-PCbH,23,80000,Alugada,6,Emprendimento,A,6500,7.51,0,0.08,N,3
TgE5b4GO-Dt74,BH1pq4aj-trt0,oUk9piHQ-eXRY,24,145000,Hipotecada,0,Pessoal,B,7000,10.99,0,0.05,N,2
K58ydOiW-a2I3,sxSX7s1R-Wo1r,o65QapOc-tR0Z,30,36000,Alugada,6,Pagamento_dividas,C,4500,13.49,0,0.13,S,6
4lYeiWLm-P0QY,UFYAZiMe-d1Lo,jqGfQoOO-HquX,22,40000,Alugada,6,Educativo,D,7200,17.58,0,0.18,S,2
l1Q6uewq-icSh,nzYZR2uU-JhcK,Z6Q1EgJd-Mcdi,24,103000,Hipotecada,8,Pessoal,B,8000,10.74,0,0.08,N,3
SAEUImFs-iXAT,6bKNACAB-up1b,45kngxnO-kwyt,35,50000,Hipotecada,5,Reforma_casa,C,6000,13.49,0,0.12,N,6
GF79eYM4-xcMP,UJDU4wt1-yGWW,DOMft98J-Z3qm,22,32000,Alugada,1,Educativo,D,5400,16.29,1,0.17,S,2
dejgBgka-cvSN,Y7yIUHWQ-138k,WNto6491-J99J,25,12996,Propria,1,Medico,D,3600,14.59,1,0.28,N,3
pB5tO95i-S3K9,EXrxXz9O-HOTs,A4YTvklP-hZTH,32,48000,Alugada,3,Pagamento_dividas,C,9000,13.99,0,0.19,N,8
8AYaI8lG-eovU,jAAgFdfl-6Y7e,5s9U5yce-1d0J,30,57000,Hipotecada,6,Pessoal,A,4000,8,0,0.07,N,7
LbfKqC8H-PTmY,RT0GuPrC-kzXS,q84AqI13-ts9C,26,95000,Hipotecada,0,Reforma_casa,D,20000,14.96,0,0.21,N,4
OkOjGYdY-cbh2,MGhhCMif-2t4J,3xNzMDQK-vFI3,42,85000,Alugada,3,Emprendimento,C,5750,12.99,0,0.07,S,15
Wdeij694-MIlJ,zOSvqZWR-sqDX,YPC9Xmbt-8bUq,29,120000,Hipotecada,3,Educativo,B,20000,11.71,0,0.17,N,5
SnPZ9sS7-m50a,aMoqyZ6H-soNo,6A9m9HOG-1ZuR,24,25000,Hipotecada,3,Emprendimento,A,9000,7.14,0,0.36,N,4
ERBmpIPN-lMaW,5XRNp8To-RvH8,Cic79wRE-9nWL,24,28500,Alugada,3,Pagamento_dividas,B,2500,11.36,0,0.09,N,4
pJi3yNTL-7lUA,dE6ylTr0-GYCh,DxxwJrsj-E8o1,33,54000,Hipotecada,7,Emprendimento,C,7500,13.22,0,0.14,N,10
ER2fcnk6-XhNN,P6kekLZk-o2vx,zumQqjxf-0gct,22,80000,Hipotecada,5,Emprendimento,B,9500,11.71,0,0.12,N,3
F3ZPAIUX-FkIM,hDW1Xe27-WuzF,Bw3siA6F-Uqzz,31,30000,Alugada,0,Educativo,D,6600,16.49,1,0.22,S,8
QO0MxJ5C-J0Qj,9QA7jdmD-WbIq,GTYNk7NY-DMUO,21,30000,Alugada,2,Medico,A,4150,6.76,0,0.14,N,3
imn9ic93-oSMp,eH8Odfuj-RT5T,TfaAaHAR-4gI0,31,48996,Hipotecada,0,Reforma_casa,D,8500,14.11,1,0.17,S,9
J0FzZB2i-DoDp,7vy7WIb3-EXdJ,E6QSarTG-rP0Z,22,25062,Propria,4,Pagamento_dividas,D,4000,16.49,0,0.16,S,2
oiqjo4kK-2ieZ,npEeneRK-zG8l,r8GH3oaq-pSQp,26,58000,Alugada,10,Educativo,C,9600,13.99,0,0.17,S,4
AaDuh9Ug-p1By,681AjXXg-yUw5,P9shydKC-WLnl,25,191000,Hipotecada,1,Medico,B,10000,12.53,0,0.05,N,4
RhyijGbu-XXrg,ks2tRP1J-2MbF,0GRN4Soj-DwrO,37,25000,Alugada,0,Emprendimento,D,2775,15.65,1,0.11,S,14
tc2gzUJ2-Dh1s,RhTgN0QY-C23h,s5Z6MPWk-5xgq,31,135000,Hipotecada,9,Emprendimento,A,10000,7.14,0,0.07,N,6
u5Q7SuLe-jnL8,aDmoCJlD-zlMl,B12Hn55d-yPgs,32,110888,Hipotecada,0,Reforma_casa,B,10400,9.91,0,0.09,N,7
JlUHLUZA-rfPy,woPqremP-ROOh,kXb3MoC4-CC80,24,64000,Hipotecada,8,Educativo,A,5000,7.88,1,0.08,N,4
dPSBQjgo-4roa,kFnTCjaM-Eii5,0ELENYRH-lpjN,26,90000,Hipotecada,0,Educativo,B,6000,9.91,0,0.07,N,3
lRZbSjuW-BXNN,nn5u5JZM-H74e,komW86Y5-UkZa,24,72100,Hipotecada,2,Educativo,B,16000,10.25,0,0.22,N,4
xxWXdgTs-HpIA,aar8r6b7-sxMn,S2DLUfLk-YNrN,22,48000,Alugada,0,Pagamento_dividas,C,14400,13.49,0,0.3,S,2
PKTQBXKt-OXPB,NBgultND-bFl2,i395QUYN-5Xhf,25,110000,Hipotecada,7,Educativo,A,8000,7.14,0,0.07,N,4
bQv6mUQ9-3Mbf,5x0t61fW-ghYo,gOqEuvYZ-T1za,39,60000,Hipotecada,1,Educativo,C,17000,14.65,0,0.28,S,14
mBfSbp46-yZFd,6r940j6C-xKkU,6hzt9yiG-yOAk,26,48000,Alugada,2,Educativo,B,25000,9.64,1,0.52,N,4
vX0220AL-N1Xc,2OuPu8qh-deSt,KSWNLJ5O-9B30,28,48000,Alugada,5,Pagamento_dividas,B,15000,11.99,1,0.31,N,10
DwRsBiGO-lo06,e4SAwL8Q-7lT7,7KJaotAU-2GrE,36,31000,Alugada,3,Emprendimento,A,7100,8.9,0,0.23,N,12
TJvond5k-OZsJ,Sq9jFOjZ-nd4A,LOrdD3hM-coOU,22,96000,Hipotecada,3,Educativo,C,11400,13.04,0,0.12,S,2
BYmg43Fi-Mvaj,i536G5cd-egh3,M2sgMabi-q39B,21,40000,Alugada,3,Educativo,D,7000,14.46,0,0.17,N,3
42LtRtXE-rL0e,tpdTSCpY-Kz7M,ISauZKeR-H4iW,25,56950,Alugada,9,Medico,C,5000,13.92,1,0.07,N,4
LmwskARR-HyA3,0YpSbTgj-CZKT,j3jnnG3T-iF3N,21,41900,Alugada,2,Emprendimento,C,16000,12.84,1,0.38,S,2
4zf4iTpX-Ju8u,eEisjK1m-T4wm,YaMTpkN1-NQCk,29,101000,Propria,6,Reforma_casa,B,12000,12.18,0,0.12,N,8
8Fbppelu-eKnR,W3QjfBO2-jmhO,S9zMallF-rruw,23,42000,Alugada,4,Pessoal,A,10000,5.42,0,0.24,N,3
7K2Y0gam-BFAD,AFRsOe1g-ZMCv,DywZmbUm-P5Jj,31,215000,Hipotecada,2,Medico,B,15000,10.99,0,0.07,N,10
hRO9kOL5-Y29L,qBv7Ad3u-unNs,J7M98CyW-tebW,26,65000,Hipotecada,11,Emprendimento,A,12000,7.9,0,0.18,N,2
KI4650uQ-ACBq,zocNNpx5-2jSB,hOqbstIi-ruOB,24,111239,Hipotecada,1,Educativo,A,14000,7.9,0,0.13,N,4
zAGYhdqJ-pD7D,4cXZj28b-TIKj,4pfUPfsE-8Ltp,30,43000,Alugada,1,Medico,A,3200,8,0,0.07,N,5
RJRYhR8z-Lq2G,lklKeiRj-ugSo,NGJInTnJ-WbA5,21,68004,Hipotecada,5,Pagamento_dividas,B,16000,11.26,0,0.24,N,3
NGFGiGBt-qzAR,nAcEqf1T-TwJv,2C0wGh9W-akJo,25,25000,Alugada,5,Medico,B,9000,11.49,1,0.36,N,2
juwMpikI-PHjn,0ae6R2mT-ZRFL,SibJdNKl-Uz6I,36,40000,Propria,4,Emprendimento,B,14000,10.99,0,0.35,N,16
yqR4vYfF-k8B1,9xQKOhnz-LrpZ,JoCZcfDw-wRPD,24,55000,Hipotecada,8,Medico,B,15000,9.91,0,0.27,N,3
W9xNZtvO-qLBS,YRkJSwLT-uBQK,YIIUhXxw-O8If,21,52000,Hipotecada,5,Pagamento_dividas,A,13250,5.99,0,0.25,N,2
noXp5ZzA-7kbv,MHm6RLEs-ml59,zsgGPSlg-GAvl,29,50000,Propria,3,Medico,B,4200,9.91,0,0.08,N,6
9Zt0XpIL-gGtx,JaQQSRMK-MlFG,GEqKtWh8-ItAd,27,12000,Propria,0,Educativo,D,8125,14.42,1,0.68,S,5
RYzaKgT3-rCwx,BldAdx3r-PA8T,ASkICWNk-c9NY,29,35000,Alugada,12,Pagamento_dividas,A,1800,5.42,0,0.05,N,7
xnzIpFAr-XXwH,TzCPj24J-ca8m,UQob4enS-T6vi,38,104800,Hipotecada,6,Reforma_casa,A,14000,6.03,0,0.13,N,11
vM7jxZHX-hPQf,XJDd9tQg-onCB,jvXpnOTv-W8gD,29,32997,Alugada,7,Pagamento_dividas,A,10000,5.79,0,0.3,N,7
uhoTm6sf-eMyr,BPwQZxLO-2wg2,vCjDmWK7-XB2N,24,33996,Alugada,2,Educativo,D,5000,14.96,1,0.15,S,4
N3vLp5HW-vITL,QsvUYivH-K8iH,OuqQBhde-wnex,22,24000,Propria,1,Emprendimento,A,8000,7.51,0,0.33,N,3
liU6JDDC-iLyi,ugIKGh02-Z28Y,4ha2yJYR-F2gD,29,40000,Hipotecada,8,Educativo,A,8000,8.59,0,0.2,N,10
GxkkXb9k-vw0u,EAHTXplH-ZFxc,zmXGtrac-CkdJ,40,150000,Hipotecada,5,Pessoal,B,12000,10.37,0,0.08,N,15
g1GDvUjj-IoJj,2hnMHX0e-caej,SkfqfEzL-lKFD,23,45000,Alugada,1,Pagamento_dividas,C,2000,13.49,0,0.04,N,2
uuxfZCc3-yREE,uCmuTGJI-lgY4,99KTbbun-q4wt,31,60000,Hipotecada,5,Medico,A,7200,6.03,0,0.12,N,8
355PvPHL-0vhC,x8B2bLLP-a4WB,A4wzjCDZ-t27i,29,90000,Hipotecada,14,Reforma_casa,B,15000,11.11,0,0.17,N,9
7vMaC87f-hFHi,ltPCr6sE-FXps,jjmTp2gM-kyRe,23,95004,Alugada,2,Educativo,A,5000,9.63,0,0.05,N,4
eLcbSsOy-pOY1,XgoYMTuX-dIJ4,GDenwifY-iS7B,35,27996,Alugada,14,Medico,B,8500,11.58,0,0.3,N,8
t59ApC2m-YYFd,BztZjz7l-APOx,FlYfM4NA-7CZJ,30,28800,Alugada,1,Pagamento_dividas,C,8000,12.73,0,0.28,N,10
01mYIc8o-5SsX,zzGGi9ec-u2LF,2l0WvCkT-vCj9,22,45000,Alugada,3,Emprendimento,B,5000,12.42,0,0.11,N,2
kGgQ5Ztm-1Cai,Flh8tBUI-8ZwW,UQ7Y34SQ-UanA,31,52000,Alugada,4,Emprendimento,B,10000,11.83,0,0.19,N,7
oXNrwSN4-pHGd,eouval6d-Q1hc,hMRKJ4gx-1Mf2,28,115000,Hipotecada,11,Reforma_casa,A,5000,7.51,0,0.04,N,8
ygjtMrWx-nI9B,xMWvaKGM-fRSZ,A6DR8gph-6ZRw,23,34000,Alugada,0,Medico,A,1000,7.37,0,0.03,N,4
OD9kaNuK-wF7Y,fTp5F21g-PBe8,IaHdzQXy-jcdy,25,42000,Alugada,2,Medico,B,6600,10.65,0,0.16,N,4
tSR2LyoA-l8Nj,jD61gjEL-833X,gpjtrh4b-3ORt,23,95000,Hipotecada,7,Educativo,B,14400,11.83,0,0.15,N,3
WOm68ybv-4qfz,j48vDxzd-WzCt,TNUugZc5-GAmi,24,54000,Propria,8,Pessoal,B,10000,10.99,0,0.19,N,3
RH6xOffd-7tKs,arOLDDpY-0gzJ,IJZUFcoJ-ojiy,33,45600,Alugada,0,Pagamento_dividas,A,11200,5.79,0,0.25,N,8
UC6NWKOR-RbOf,JozrbL4N-z2Ai,Q583ALvw-vCL9,23,65000,Hipotecada,7,Educativo,A,10000,7.49,0,0.15,N,2
duaNutsR-3WUc,x5vU1QNy-Ef7b,FQ6lnvgr-2l6q,28,61000,Alugada,9,Pessoal,B,25000,9.91,1,0.41,N,7
B2HK6U1k-gRaE,Bxx6AYGv-xK8v,rAZPhS1B-Olbf,34,50725,Alugada,1,Pessoal,C,5400,13.16,0,0.11,S,9
m0EsrCQA-UxF8,ybSH8enN-9zbG,9UdFSUoj-JTbn,23,74000,Alugada,3,Medico,B,25000,10.36,1,0.34,N,2
Yu43ay9a-ReKe,SoRUcWf1-Cyse,QDWjg9p2-RtUT,31,65000,Hipotecada,4,Pagamento_dividas,B,20000,11.71,0,0.31,N,9
SniIxJ44-alJb,eJ081Ayo-Frym,jOfMS80i-Zg5v,23,34000,Alugada,7,Educativo,B,10000,10.36,1,0.29,N,4
rz1EWsAa-qLPB,vanxjNZ8-gDET,187qtU8E-YHgw,22,24449,Propria,2,Emprendimento,B,1800,11.89,0,0.07,N,4
GbKFxr7D-JIO4,eYw1jU0w-hBNF,KN2KKmsL-rJbv,33,108000,Alugada,11,Emprendimento,B,3000,11.36,0,0.03,N,5
YcsNIdbf-tpgT,ZiIYXvD7-5Pca,uRyGLHSl-yawC,36,46000,Alugada,2,Pagamento_dividas,C,10000,12.53,0,0.22,N,14
Q5JHiKZj-oDKp,KMism4Us-r3D7,E5ZXh4Z6-Dbfn,35,50000,Alugada,4,Pessoal,B,7000,11.49,0,0.14,N,9
SeJTCFwO-KrbQ,9mT4cjye-2LDX,CLOXuuct-rSpH,41,50000,Alugada,0,Pessoal,B,6000,8.88,0,0.12,N,17
G5aDf64O-PH6C,sH2uqDS7-NfhJ,zndaY8Bz-M4Os,26,31104,Alugada,1,Pagamento_dividas,B,4000,9.99,0,0.13,N,3
HYNz400D-rzsb,eNAftsYx-hTla,4QvCYJZz-Qww5,22,60000,Propria,7,Emprendimento,D,15000,16.49,0,0.25,S,2
AlyOGpcv-PZHy,mEo0vZSm-wd9v,CBcyCzmp-dZQA,47,52000,Hipotecada,4,Pagamento_dividas,A,12000,7.29,0,0.23,N,13
pKtpPsWm-gBb5,q7gXLqBB-y4RD,gAv0hKgA-0syT,25,95000,Alugada,4,Emprendimento,B,15000,12.42,0,0.16,N,2
4ePEsQ0Q-YPAT,a4Ei4NHR-M6JB,P0QctpbZ-tA9E,22,76296,Hipotecada,6,Emprendimento,A,18000,7.88,0,0.24,N,3
dcRQIdaK-ZrzX,AsZ6UB9S-jvQ3,4Ao59k8p-P36H,31,100000,Hipotecada,6,Reforma_casa,C,13000,12.61,0,0.13,N,7
qqBMyInS-aGKl,Q8H92GQ5-Fd74,cjShcUOG-HxrO,25,43000,Alugada,2,Emprendimento,A,7800,7.14,0,0.18,N,3
WXqkgy4i-lLX0,uIe8aQoy-hIqe,dlqxbvAI-6b0K,25,58020,Alugada,9,Pessoal,A,2000,6.91,0,0.03,N,4
F9a6bBd9-Xe2o,8HuvzhAq-k7Xi,L42AQtMx-SEGR,27,68000,Alugada,4,Reforma_casa,A,8700,7.88,0,0.13,N,5
lUBk5Wxb-yRTh,7Dxvjo5Z-Jkq2,7fvOUWjo-u4wJ,35,30000,Alugada,0,Educativo,A,6475,5.42,0,0.22,N,7
b7tdrgrW-ayvE,c2TKWh0I-ocZx,4inK3Tv4-C6LS,26,40000,Alugada,1,Pessoal,B,12000,11.58,0,0.3,N,2
Tvok7xAu-oB5c,GAtuyfvq-9kKD,HfsqwiRm-nB28,23,50000,Alugada,4,Pagamento_dividas,B,6000,11.49,0,0.12,N,3
c7N00Xkw-EjwP,TDkjPUqd-ndPx,6Uah3ah8-rfUd,25,61440,Alugada,9,Emprendimento,B,8000,10.36,0,0.13,N,4
gPzGTvzd-YCHw,FptECc0u-OiGF,ME0OTs5h-qjMp,22,29000,Alugada,2,Educativo,B,10500,9.99,1,0.36,N,3
gYjoo3jD-emAd,uDlmyeNO-dbNN,CAcJauAz-ctJX,25,44000,Hipotecada,4,Medico,D,5550,14.11,1,0.13,S,4
cG0aCPes-61zD,CjrqlOBY-C0rM,saYaqFAW-ePFO,23,50000,Hipotecada,3,Pessoal,B,10000,10.99,0,0.2,N,3
2qL2TpcA-3UO0,LoQ6fSUb-Oz9B,yyxAqFSr-rcKu,26,108000,Hipotecada,4,Pessoal,A,9000,5.79,0,0.08,N,2
zKhBXo2u-WqgH,oWxhfJ5z-XbcS,dNdJZagZ-EYux,23,70000,Hipotecada,5,Educativo,B,20000,12.21,0,0.29,N,4
SragtXBq-e1es,OfP5DP80-WTnh,vWBPETFN-WZbN,25,80140,Hipotecada,4,Pagamento_dividas,B,11300,10.37,0,0.14,N,2
DWSEWuzW-0YNY,EenI4oK7-W08Q,wAxLWQ8O-powv,28,34000,Alugada,1,Emprendimento,B,4800,11.49,0,0.14,N,7
6wjmTJ6Y-hQGF,PxNZBxYl-2e3i,0xnnXI5T-xBOL,22,78413,Hipotecada,6,Educativo,B,17500,10.65,0,0.22,N,2
JFCnlUKo-opAW,WqqAxdoR-mNAa,uo02FqyD-sP5N,21,24000,Hipotecada,0,Emprendimento,A,3000,7.9,0,0.13,N,4
4BCj5iMI-SvAr,dzApwnYM-OIBi,nAqbykfb-2whQ,27,22800,Hipotecada,11,Medico,B,2500,10.99,0,0.11,N,10
2E2Jp2gN-3Rc2,0Y0rHbib-kYJ4,DfrYmDZi-YdO8,53,95000,Propria,24,Pessoal,A,6000,5.42,0,0.06,N,30
hBn6Nj78-fvgu,w1JRom7y-y1od,2SebLJsQ-lj5F,26,31200,Alugada,8,Pessoal,A,5000,8.63,0,0.16,N,2
zQm81YBs-xUux,s0EbBX99-gTop,ExBLn9BN-psh1,38,65000,Hipotecada,7,Medico,C,10000,13.49,0,0.15,N,12
OUcAOZQh-aQLy,9dov9RBP-etrY,LaJgumz0-dtyI,39,65000,Hipotecada,3,Educativo,D,6000,15.62,0,0.09,S,14
yxHeZjn6-XemS,d2QGbH22-CMtL,P0oWRAw9-HItc,22,84000,Hipotecada,3,Educativo,A,8000,7.88,0,0.1,N,4
NiumiXy3-ZCWU,k6gvpaPQ-hk69,R2MiB33I-ZKkD,25,45000,Alugada,9,Pagamento_dividas,B,12000,9.62,0,0.27,N,3
9Gbo6GjU-I4vH,8g7OWEJO-Du7T,FpZNX7aC-n4LP,24,25000,Alugada,0,Reforma_casa,B,8500,12.21,1,0.34,N,2
e23slzE8-B0Ax,c048XsHF-y51I,lllfq9ft-0KFp,29,24960,Alugada,13,Emprendimento,A,4000,5.42,0,0.16,N,6
ds2jH5KJ-WuMF,7rquRb04-0CEL,Cn135ogy-bKDy,22,81600,Hipotecada,6,Pessoal,A,1300,6.39,0,0.02,N,3
AplH4Lwm-gyYK,H7WZlXS5-Rjyu,rZoiEpPc-bciv,25,90000,Hipotecada,7,Pagamento_dividas,A,6000,7.14,0,0.07,N,3
pMajKnu6-53f4,RpFauaAu-LzeN,QHGwl9TO-5WKP,27,44640,Alugada,0,Medico,B,12800,11.83,0,0.29,N,9
Q5dqB97I-TEjJ,UjQWv0nx-pw3f,1G4XQSD0-EUYu,24,85000,Hipotecada,8,Educativo,B,20000,11.11,0,0.24,N,4
R1BhCwCP-EmPz,idY4PPcx-HJ9I,3ZBNDOgB-xB3s,26,93492,Alugada,0,Pagamento_dividas,B,20000,9.45,0,0.21,N,4
CZWcNgWA-kbk4,MjTNYsmN-6qBc,FxGG9RvP-Le3z,26,87000,Hipotecada,9,Pagamento_dividas,C,25000,12.73,0,0.29,N,2
mvkJyvGc-yYuw,h0oDhLmM-OrEm,IKk1KTWI-y4IG,22,54000,Alugada,4,Pagamento_dividas,C,9000,15.96,0,0.17,S,3
WS5U2tKu-iGtE,nZJqWH9s-yKAW,fJ0KRNk3-k0Rx,22,43000,Alugada,1,Emprendimento,D,7500,14.96,1,0.17,N,3
Mucn0ump-Stue,BmUhdDn5-YUDX,skrBzl9k-6XSu,24,78000,Hipotecada,8,Pagamento_dividas,A,3600,5.42,0,0.05,N,4
F8sjbtYh-Ntuc,s23EevcN-d0JX,q3SsWfhh-eib9,22,73000,Hipotecada,6,Educativo,B,7000,10.59,0,0.1,N,2
LTD2XdcS-ZCv4,ob9Yrlfi-Ocpc,iBDB52Wo-4WAb,24,65000,Hipotecada,6,Pessoal,B,11000,11.49,0,0.17,N,2
K61MH9Be-kQJ1,JvkTGpaD-ra8i,zSExL9u6-EOE4,32,230000,Alugada,0,Reforma_casa,A,15000,5.99,0,0.07,N,5
5mRksQM9-eExJ,EWKeCA52-k771,AE9jiGaA-WlNL,23,35500,Alugada,2,Reforma_casa,D,9000,15.99,1,0.25,S,2
aJCQ5hY4-MiS6,q0bvJBPd-qrJN,uBExJeBT-hicI,22,104000,Alugada,3,Medico,C,15900,13.49,0,0.15,N,2
18UJRYaa-ZMs6,oSUPE75N-HwUi,UfosSYa8-hY8Q,22,64312,Hipotecada,4,Emprendimento,D,5000,14.91,0,0.08,S,4
BAOYgg91-Dmlx,Txue7n0E-pQ4T,Hcp70S5d-El0J,23,20664,Alugada,4,Educativo,C,4550,13.72,0,0.22,S,3
qoGIpKHY-qEyQ,BH9qOpoC-Psvs,lmAkaOGs-iN3k,29,60000,Alugada,13,Reforma_casa,D,17000,14.96,0,0.28,N,8
sOhkjxha-2BpL,ytIdu6Om-focr,pltL0SOO-FhkN,28,31200,Alugada,3,Pagamento_dividas,A,3600,6.39,0,0.12,N,7
n30qucW0-y8nf,2lJGIqQM-bp5M,thjENh4w-5DRM,30,36000,Hipotecada,14,Reforma_casa,B,7000,10.65,0,0.19,N,5
WxbsddLX-16Ok,A0wzG4hq-KJ7T,xIZ02Rds-vthd,34,60000,Alugada,1,Educativo,B,10000,9.62,0,0.17,N,9
S3tJkEZ8-Q1CD,ipQo8qDg-cplC,4IflXQ7W-bauW,24,45000,Alugada,1,Pagamento_dividas,B,3000,9.99,0,0.07,N,4
19PcvNsb-Q2EX,YEt0gafB-dAdf,U52bX4kH-XWDk,22,30000,Alugada,0,Medico,A,7000,8.9,0,0.23,N,4
PuHablXS-Hxuw,owRMcEkb-PjFz,5GUaEeuo-X55y,28,47004,Hipotecada,12,Pessoal,C,10000,13.61,1,0.21,S,6
F3Y67rIn-jckm,wErmE5GG-WOjr,Ecjh4AUO-UTRq,26,47000,Alugada,0,Reforma_casa,D,25000,15.28,1,0.53,S,2
WTaTWD7R-nB26,emllPw3q-SPlj,l45L15fR-YZxS,28,72000,Hipotecada,9,Reforma_casa,B,18000,11.89,0,0.25,N,8
WWsDFeYW-ILfo,iPZw4isE-pQII,imr5pNYL-ahjh,22,90000,Hipotecada,6,Pagamento_dividas,A,16000,6.03,0,0.18,N,3
pwTzr4SQ-47xw,KGblymA5-FOvO,AaFWnCZ5-rQWE,33,62400,Alugada,4,Educativo,B,15000,11.99,0,0.24,N,8
tE2MMb33-ZtT7,j6eaWF98-rxdq,oJM66DQo-WPHF,34,89000,Alugada,3,Reforma_casa,D,35000,18.25,1,0.39,N,8
v0bZ8uAY-hxvk,Whr56GP6-egwr,UjTc82nd-qwG2,30,75000,Alugada,2,Medico,C,6000,12.68,0,0.08,N,8
bRYeof0L-cqHI,0T2YFLWb-IZze,0Y1a64ag-4RLW,30,100000,Alugada,13,Pagamento_dividas,A,12000,7.88,0,0.12,N,9
sgPHvjSF-4drq,P5oUt27z-hpBS,AhDlN67H-dJ6a,31,28800,Alugada,0,Pessoal,C,6200,12.23,0,0.22,N,9
yuc3qfdx-Onja,4kkDYjoH-lbFt,401KANYb-30fK,27,91800,Hipotecada,4,Medico,D,25000,16.07,1,0.23,N,9
YUBW1l1Z-CJlc,tCU0Nzur-aMzy,t1OeeRmK-C0cN,22,88200,Hipotecada,6,Pagamento_dividas,A,21000,6.17,0,0.24,N,2
r7gg0Ukx-SkjG,kWJLMt5l-AoyM,3K230qMt-1qjk,25,60000,Hipotecada,6,Emprendimento,D,8400,16.89,0,0.14,N,3
iaIkFQGz-2Knj,k8hIJy3l-H7bm,MtEjHHxc-YXWF,33,63996,Hipotecada,15,Educativo,A,3200,5.42,0,0.05,N,8
Ud4Ze4ac-afSM,Mfr1xgxL-TWCp,5O1cpjpw-IQv7,22,56368,Hipotecada,5,Educativo,C,6000,12.99,0,0.11,N,2
Z02cn5rP-NABf,MrGTH2Nb-zMXp,PBqTrqXN-1Kww,23,30188,Alugada,3,Pessoal,C,8000,14.65,0,0.27,N,2
EKMwv3gn-dSSz,fYJiX6AX-znH6,GJDfKNAU-g1vp,34,220000,Hipotecada,13,Pagamento_dividas,C,11275,12.99,0,0.05,N,8
0NUo1qwp-bP8D,Bou4wh7A-0NCB,9Z8oxfzn-TlcL,23,32000,Alugada,0,Medico,C,8500,13.16,0,0.27,S,4
vazRHZxW-aH3R,oh0uoLeR-9L0L,4N0WnLvf-iH01,39,48000,Alugada,3,Medico,C,8400,12.53,0,0.17,S,17
m4ET0TY0-ECS7,AnqoSbMH-tbFI,jaUxyfpZ-WJUn,22,35000,Alugada,4,Pessoal,C,5000,13.23,0,0.14,N,2
P5aaxbP0-gGHo,hZerzTIu-GUUw,0KJaNxsh-IeYK,23,17688,Alugada,0,Pagamento_dividas,B,1700,11.11,0,0.1,N,3
wzOKaXaA-HRcE,MNW74JpF-U2Ma,uqHT6iWD-taWX,31,190000,Hipotecada,4,Pagamento_dividas,A,9000,6.03,0,0.05,N,7
vB9dyDy9-njzB,DktLQSTb-mohM,kz1x3zTJ-0xUU,23,105000,Hipotecada,3,Medico,B,20000,11.48,0,0.19,N,2
vX1YNB5l-t3Ck,ez3kYm85-1UnZ,UyE0z1EZ-8Kd6,31,111000,Hipotecada,3,Pessoal,A,5150,6.62,0,0.05,N,7
MKM7QJze-OyuM,ct6W8N79-J8vq,T5OBOp5W-rW6G,25,54000,Hipotecada,9,Pagamento_dividas,B,12000,12.53,1,0.22,N,4
EARG280W-obvm,wAhreapv-hUpI,ZUvtRJSf-NldL,23,52800,Alugada,3,Educativo,A,4500,6.76,0,0.09,N,4
GpYlfI6I-E5PZ,t000FCda-AWsy,AnLodx0w-SWCD,25,42000,Alugada,2,Educativo,A,12000,7.9,0,0.29,N,4
s5XZSlFN-ApIF,I1c4yNF4-mTBy,WINmaO3Y-4tnT,26,73000,Hipotecada,10,Educativo,A,10625,6.03,0,0.15,N,4
mAlnuZeM-MHLf,xjSJJMn1-ci1w,wTd8AaLE-z46T,37,44000,Alugada,0,Pessoal,B,1700,10.59,1,0.04,N,17
sfa9UMWH-ObWu,JZUwT5vk-NjBp,hBd5yTaX-yGDr,25,44000,Alugada,1,Educativo,A,2800,6.92,0,0.06,N,3
qvOkUEew-AHlI,jGosfFS7-dLtg,lji8xcaf-DhkD,23,60000,Alugada,1,Educativo,C,11000,14.22,0,0.18,N,4
frMpguAW-39fy,hFQNlWdT-dRe3,GODe0QNN-ZKkk,27,120000,Hipotecada,2,Emprendimento,B,16000,12.21,0,0.13,N,5
iGrAFwIx-0cQQ,7PL7CQfY-KDO6,9wM9NIcS-StHF,26,28800,Alugada,10,Medico,B,15000,10,1,0.52,N,3
ATWus0Mh-PWQ9,aEUb2M00-eset,uhq86SCF-D8eP,23,34320,Alugada,5,Pagamento_dividas,F,7000,18.3,1,0.2,S,3
6b2w9ujK-f93t,ITuk3QGM-22Ye,ziZMe43g-D9J9,23,44000,Alugada,7,Medico,C,9800,13.11,1,0.22,N,2
0fP1s82F-x029,9ozZjt4U-ibHm,S3PJBbMM-Tx2s,26,85000,Hipotecada,0,Emprendimento,B,20000,10.37,0,0.24,N,2
KGPXwWUu-iioT,BDrIsfea-GJSa,xyl313my-mukb,28,13500,Propria,0,Emprendimento,A,6700,9.63,1,0.5,N,8
58SzBJPX-2aPl,yCNoyWOm-D7ls,BPZKcC6o-r9ko,24,36000,Hipotecada,3,Medico,C,8000,13.61,0,0.22,N,2
zib1eu0E-Xfwa,HWi6fh0W-MCM3,6Zi07c6w-b5af,31,86000,Alugada,0,Pessoal,A,2000,5.99,0,0.02,N,5
EZwfD2M3-CeWr,xjH6y7XN-ZcFe,yBivO4jB-FvjW,28,130000,Hipotecada,2,Reforma_casa,D,12000,13.55,0,0.09,S,8
hgXF2Ex6-gWd3,UUAHnhF9-OJsM,oIiHTQrp-tuPW,35,175000,Propria,19,Medico,C,24000,12.73,0,0.14,N,10
8q8EbTnf-cqgA,Szhx9mHX-xQGN,B9PIjGrA-3Kx5,23,74758,Hipotecada,3,Pagamento_dividas,B,11050,10.37,0,0.15,N,3
BTDsiRt6-be1S,ULydRzff-05wR,SPnZq5bF-ZFZ9,39,29280,Propria,0,Emprendimento,A,1800,7.37,0,0.06,N,11
OqqpjWly-vcmN,zBEL4YnB-kdbM,yGdEN8rA-04Dq,26,72000,Hipotecada,1,Reforma_casa,D,10500,15.28,0,0.15,S,2
4Xx4lOO7-OKeO,8g7rCr17-HOP7,B7zCTO09-z01P,27,35004,Alugada,7,Medico,B,5000,10.75,0,0.14,N,8
gQB1vBJT-l3QD,Nn6Xqn5N-z84b,lIIvEYGR-uHEy,42,30000,Alugada,0,Pagamento_dividas,A,4200,7.49,0,0.14,N,13
x08Ho4Kj-6zXR,2Mz6hDjD-lt85,Qfg0l7nz-bpym,28,70910,Alugada,8,Medico,E,3000,17.44,1,0.04,S,5
DkInsqgZ-OdWO,AoPaNyOu-MtOW,syvvStng-AqDR,26,28800,Propria,8,Educativo,A,6000,8.9,0,0.21,N,3
3m8cwB1s-zYLa,oKQRc225-4gdg,CZwUXdeZ-kJ51,26,250000,Hipotecada,11,Reforma_casa,B,9000,9.99,0,0.04,N,2
Bk3hJd5G-UH9W,jW1pMcbC-arZj,7zgPaEH0-euvG,28,24000,Alugada,4,Emprendimento,A,3000,9.32,0,0.13,N,6
uwE9Pjsm-rcqA,3Od8dLo1-I48u,pLwfJrUM-i4kv,37,63000,Alugada,1,Educativo,A,14900,9.63,0,0.24,N,17
lXTftHnB-NQci,ZCHgaycA-wXoB,afRzDCJ2-23JP,28,65000,Alugada,2,Reforma_casa,C,7200,13.98,0,0.11,S,5
g9HTezr0-zFnU,dzqb24uS-x34l,mPlPCvAW-DjQa,32,85000,Alugada,5,Medico,B,12800,10.75,0,0.15,N,7
j4vXE3Oc-qZ1O,k2reFgAe-vbTk,fhbOrWGh-jQj9,30,71400,Alugada,0,Reforma_casa,C,9600,12.61,0,0.13,N,6
O5mzA8KN-wtKC,LMaq9jH1-vlN0,ynZydWAO-txtl,35,273700,Hipotecada,8,Medico,D,25000,14.59,1,0.08,N,6
Hq3MBpnM-RmRu,objWZZ2w-BRx1,v3BNSPrH-tTR6,35,64500,Hipotecada,7,Medico,C,4500,12.53,0,0.07,N,9
9oXdgps0-JS4I,lHJyf1H8-48iq,dl06GuPo-mc2q,25,26000,Alugada,4,Medico,C,8000,12.87,1,0.31,S,3
wKkI2DIn-tH7X,qecKkI0Q-2aPG,TPTqh2Wy-fmbY,31,110000,Hipotecada,4,Pagamento_dividas,B,6000,11.99,0,0.05,N,7
4y1mw5uX-hLSY,P3rY3WD1-i5N9,rUX0cm7d-i4L3,26,120000,Alugada,3,Reforma_casa,A,5000,7.68,0,0.04,N,2
18u90vul-Ud0R,Te29JxTb-LL95,5dfawivK-2MS3,21,35000,Alugada,5,Medico,A,9000,8.94,0,0.26,N,3
kL8ulXbB-uq9A,i389k8xK-JhkX,vo7tzayB-qX75,23,51000,Alugada,1,Medico,A,7000,6.99,0,0.14,N,3
GcZhtond-jP4s,WWSKshGg-oppj,Fwt4od5n-v70Y,27,258000,Alugada,11,Educativo,E,35000,18.64,1,0.14,S,7
F8Lbira7-WcSx,Gg3t9iFr-4vfp,sgfvF12l-iIQC,23,20800,Alugada,0,Pagamento_dividas,B,3000,11.46,0,0.14,N,4
AyRnlhYs-2sWu,FYsX8als-cQBj,nChtLOUU-h0IL,37,14400,Alugada,2,Pessoal,A,6950,7.66,1,0.48,N,13
gXXpZIqg-iYHj,vK916AMx-KM4N,CHNmY6WK-85zp,25,49000,Propria,4,Emprendimento,A,2500,6.76,0,0.05,N,3
lZxnmaq8-X4ea,dg7GKrfT-gMBG,rEGzP6ue-N8Ut,28,42000,Alugada,5,Pessoal,B,4800,12.42,0,0.11,N,9
9rOwdewg-dscR,tAECKApG-BwoQ,J3Hcv8DE-ZaPY,22,22292,Alugada,5,Pagamento_dividas,D,3500,16.49,1,0.16,N,3
nIMvecfo-Q3Er,KZZ0BZZR-nhso,QDcxebvS-7azr,24,36000,Alugada,1,Pessoal,B,8000,12.12,1,0.22,N,4
bndB2nrG-3Qek,gjBNYc86-yQkC,7RDlcK3Y-OMFv,23,65000,Alugada,6,Pessoal,A,8000,9.32,0,0.12,N,3
da8NqLst-rJfo,QgtSQGoR-N5CZ,xxiFPfIi-xHQL,24,87550,Hipotecada,5,Educativo,B,3600,11.86,0,0.04,N,4
4yUNTtHv-mIv4,q6FuGqwl-XOGa,HP4rC91T-phms,23,54996,Hipotecada,7,Pessoal,C,8000,14.35,0,0.15,N,4
4wMpudKW-Azry,AeI0T8mt-yO03,ncvUCH1Q-ybWh,27,39000,Alugada,4,Pagamento_dividas,B,7200,10.65,1,0.18,N,5
lHKkk4iT-uMYc,SfLZi10E-Dxbp,mazsxkb2-EPjn,25,177160,Hipotecada,2,Emprendimento,B,24000,11.11,0,0.14,N,4
PWssJR75-znHR,CO3Boxxl-8vAB,bcHsqRut-as0k,24,32304,Alugada,8,Medico,B,1500,9.91,1,0.05,N,3
e7vE73Xu-YPii,cPOyTE4b-n5Cm,7BeRX7vF-jnXt,36,52000,Hipotecada,8,Pagamento_dividas,B,2275,11.86,0,0.04,N,12
B80CrnUC-AvFt,G044ts7W-47uO,Nvq1Qs0o-a1SF,26,87500,Outros,3,Emprendimento,D,7500,15.05,0,0.09,S,2
lDJme6xa-OTtR,5jlODtjZ-2OZD,w6U7zcPy-Os2c,25,36000,Hipotecada,0,Medico,A,5600,7.49,0,0.16,N,4
TK7kdTZy-LPWF,hZn3HCjD-CfUj,CBc26gKq-WC2d,23,36000,Alugada,0,Educativo,C,3000,12.29,1,0.08,N,2
XkCZXyby-CpaN,h4cXdtHy-cemC,Iwgl6Pcx-L20I,27,33600,Alugada,1,Medico,C,3000,13.49,0,0.09,S,9
B1lOysyQ-R7NO,ivLuljOA-PxYM,iccwtEJf-m9xt,24,35000,Alugada,0,Pessoal,B,4200,10.37,0,0.12,N,4
sE4fXxEO-mD88,YC1BgYLX-abtJ,goOmLh0x-ptor,22,128165,Alugada,6,Pagamento_dividas,A,14000,8.94,0,0.11,N,3
AUZMEThu-PM5H,RBKLJttd-WAmj,2Pig713b-ut6o,25,50000,Alugada,2,Medico,E,7000,15.57,1,0.14,N,3
UjWau6ze-ZGBj,Q5DmyShC-z4MM,c1Es9hwF-88Zj,31,18000,Alugada,6,Educativo,C,4000,12.84,1,0.22,N,5
Raw3qNz6-sp5J,4YNBjFt8-2L1w,gwnxd465-zNqp,27,62900,Hipotecada,1,Medico,B,8000,11.46,1,0.11,N,8
6y9ggwDh-jOfb,Nn8ePPCp-F91g,dO6vO1md-MIWx,23,35000,Alugada,5,Pessoal,A,5000,6.99,0,0.14,N,2
txNhZjSU-JBot,OF7biIUe-M94S,mXcojD74-pHki,22,41000,Alugada,3,Pagamento_dividas,C,15000,12.73,1,0.37,N,3
ZimfHCj5-7SX4,P3KTuXUu-heiW,uy8gHUaX-PTFb,23,60000,Alugada,3,Pessoal,B,17000,11.11,0,0.28,N,2
24IfOKPp-n2Y9,HMTX9F7e-txi9,LXbBHnuR-0k3c,24,110000,Alugada,8,Emprendimento,A,3000,7.88,0,0.03,N,2
wBIlOptl-jfvn,4qWQT7R6-qzXP,GmrY0YvB-GNOA,22,44582,Alugada,6,Reforma_casa,A,4000,5.99,1,0.09,N,4
qNT1w4Gj-od1x,8NcunoId-XN1R,cfjYbHb4-auCO,25,75000,Hipotecada,9,Pagamento_dividas,C,8500,13.22,0,0.11,N,4
rrSB2inU-wxdv,tcUq97J4-puML,K2MbhxfW-N6JY,35,40000,Alugada,6,Pagamento_dividas,C,5100,13.72,0,0.13,S,5
8dqDd1IN-UXc4,MCaYOC2O-eqQk,vtbIn9C8-1ykW,34,28500,Alugada,0,Educativo,B,9175,12.69,1,0.32,N,5
WlRKmBMv-ycm6,SlxOiteh-8H38,ENiLdCDl-obX4,29,21996,Alugada,4,Pagamento_dividas,C,2500,13.11,1,0.11,S,8
cY5jOqvW-OFbE,i0mCLk4x-HSua,xE4EvZSN-h76y,22,57000,Hipotecada,1,Emprendimento,A,3200,5.99,0,0.06,N,4
RQ50rhZp-yXRM,DJu0kUXR-zZAZ,3U5HgDb5-79vp,21,50400,Alugada,4,Emprendimento,D,8000,15.62,0,0.16,S,2
LaSat9Sk-zLa0,Pv8UX7vL-1jJw,1qPFUuEW-sBNo,23,250000,Hipotecada,7,Educativo,B,8800,10,0,0.04,N,2
Iwugk6QT-8R9Z,p44KodPo-j4ho,xtuLJ1BS-AeGj,29,39000,Hipotecada,12,Pessoal,A,16000,5.99,0,0.41,N,8
5zKUH39H-Oxjy,0TsRmQqF-XSZC,WovxObMr-4j65,25,56004,Alugada,3,Pessoal,C,7000,14.22,0,0.12,N,4
wQEMLIcR-J9sU,eIm6kXgG-bKPd,vOJRU0Mt-WgJU,28,48000,Alugada,1,Emprendimento,B,2650,11.26,0,0.06,N,6
ZzN1puxX-JHYG,g0flfZY7-dlSE,5zWBPrTZ-ytBr,48,85000,Hipotecada,0,Educativo,A,10000,7.51,0,0.12,N,13
r4EMAIP3-v3qB,gXeA5JUt-4rEM,STryYSoN-DRvr,22,71000,Alugada,6,Educativo,A,1500,6.99,0,0.02,N,3
BGEXfF3I-MPDw,pcC2Kx3I-lbHI,Re7Gtml0-8aAj,28,15000,Propria,2,Pessoal,B,4375,12.42,1,0.29,N,9
DgPAHfNx-4SuL,cMBZ6yiY-tzsA,fDaecuGO-uB9v,21,120000,Alugada,2,Pagamento_dividas,B,10000,11.71,0,0.08,N,3
E7ffYcB2-raQX,lTORsDaX-g7Bm,SPngvfz5-qYGt,26,74400,Hipotecada,10,Pagamento_dividas,A,15000,6.54,0,0.2,N,4
1xN2APxO-PMwu,PQ1i7kgN-qDPA,DRCEefli-fK8v,36,30996,Alugada,2,Pessoal,C,5500,12.53,0,0.18,S,15
RSoSDrgZ-quLt,uKtIniqY-TkAP,4xS6Q5Zc-0X8M,24,70000,Alugada,0,Medico,A,10000,7.29,0,0.14,N,3
vQeKi6jj-S7Mp,UTlIhe5Z-C3Rx,lxX6OwH3-4caY,28,90000,Hipotecada,12,Reforma_casa,C,5000,14.79,0,0.06,S,8
H7wNAEEJ-1ISN,yuJgxuE6-aeoM,u14BNxJD-itOU,32,44004,Alugada,2,Pagamento_dividas,F,5000,18.25,1,0.11,N,5
CpeyXfri-9dLr,eOp6brNW-6brH,I7BO4jyw-ueRQ,21,40000,Alugada,5,Educativo,B,1500,12.18,0,0.04,N,4
Af6D9iZa-cOqL,uqKLAfKW-nAk0,4atKuGoJ-vpH7,25,70000,Alugada,1,Emprendimento,A,5750,8,0,0.08,N,4
35H31UEG-0KsD,e6m8YlcP-g91n,qYxesURt-0evX,24,36396,Alugada,8,Pagamento_dividas,A,5000,6.03,0,0.14,N,3
pMwsMDHR-aOTx,PqP1ejuL-Ki6o,Z47p22ls-rt6I,30,9600,Alugada,1,Pagamento_dividas,C,1500,12.73,1,0.16,S,9
JkKRmhSJ-aYOK,Fzbvi8dY-W7nj,O5S8SkOC-Mp8B,22,38004,Propria,0,Emprendimento,D,3000,12.92,0,0.08,S,3
h1Q0MFdc-c6aY,hcQpXMx4-bPMG,wEaSCOq8-5NJJ,24,56000,Propria,8,Educativo,B,2000,11.49,0,0.04,N,2
ZtFKaHYz-EfwS,UrSDOZmq-SHv8,GDPH8bRr-rfBD,29,73000,Alugada,7,Pagamento_dividas,C,2500,14.35,0,0.03,S,8
OQjTZz3f-461u,A8p05RvB-qMW5,QwXcNx4l-93C1,26,70000,Hipotecada,9,Emprendimento,A,35000,7.9,0,0.5,N,2
QupskOYP-xcmM,IKGkqxzy-RcHp,fF86rrII-NA01,42,100000,Hipotecada,7,Educativo,C,5000,14.26,0,0.05,N,12
1hEuiI9M-mr1Z,QUpz1A64-MAFf,t1SG0TRi-UM6s,30,65000,Alugada,1,Pessoal,B,12000,11.49,0,0.18,N,7
huQN9c5R-HXdi,kn9LAncB-aW2h,Z65QrRrx-lPII,26,45000,Hipotecada,0,Reforma_casa,C,4000,13.92,0,0.09,N,2
Kl8prAnG-4KD2,GiCXHggn-G0Oz,YZdlYvK1-jyrp,36,100000,Hipotecada,17,Pagamento_dividas,A,6000,7.14,0,0.06,N,17
mUBagUgI-A0QE,G9EJeSPz-Jwi8,DWmPhU1Y-w9We,42,30000,Alugada,5,Emprendimento,D,8000,14.96,0,0.27,N,15
xR9pcmNX-ecjB,tLDrn0sg-kNRh,N3d29NjA-fSts,26,65000,Alugada,4,Pessoal,A,8000,6.92,0,0.12,N,4
MCTnkovx-OkZI,wQFS87yA-69IY,1BNbfBPb-9no0,26,59600,Hipotecada,9,Emprendimento,E,21000,16.45,1,0.35,N,2
oeSqzh4Z-N0bC,rwdr4l6H-oz2d,S5k46uNa-cvQR,23,54996,Alugada,4,Educativo,B,16700,10.37,0,0.3,N,3
KI7BqsSt-Iavt,HvtjOceb-inOW,9oWRTWUT-L49X,21,39000,Alugada,4,Educativo,B,6000,10.38,0,0.15,N,3
EbK8pAhP-qrNe,oZwyvw1E-fN0S,LXTSCpdW-veiT,24,50000,Alugada,6,Pessoal,A,4000,7.66,0,0.08,N,4
Nbom2sPx-CmSi,s2blb2lr-YqNn,hKXOtjmu-mlER,24,39000,Hipotecada,3,Reforma_casa,A,5600,5.42,0,0.14,N,4
ljZzdC47-OGkG,krCXQQA1-KCah,Jcm34AJB-RLrE,21,30000,Alugada,0,Pagamento_dividas,A,1500,7.29,0,0.05,N,3
dFimbEm6-MqeJ,t14nQyu7-LdEp,iMZJL9pS-vRPU,31,102000,Hipotecada,5,Educativo,A,4000,7.88,0,0.04,N,10
52o98vTC-Wcan,gogIPEc3-8rtn,T4h6nlH9-yvmI,25,23712,Alugada,9,Medico,B,1000,11.49,0,0.04,N,2
riItZDLL-Taxk,4rc9DkiF-f2SD,pFrTLaRQ-StRR,29,69000,Hipotecada,6,Pessoal,D,18000,12.61,0,0.26,N,9
ISPU2ef8-4hJw,bUKvcmGL-IKxs,0xuzqaat-pQcy,41,60000,Hipotecada,3,Pessoal,E,16800,17.99,0,0.28,S,16
kTMzhQam-oTlR,mp0YoAwS-3uNN,EA0yD7qz-014g,25,52000,Hipotecada,9,Reforma_casa,A,24500,6.17,0,0.47,N,3
afUGYAJA-8THN,Xtexq4d0-pd79,SY92sdBq-Xz1c,23,72250,Hipotecada,7,Medico,D,35000,15.99,1,0.41,N,2
Hm07DgPA-XkMt,I6HH5F60-dSJT,3xOzs894-ginq,30,51000,Hipotecada,4,Pessoal,B,2000,10.99,0,0.04,N,10
EFjRdEU4-OUlf,ySGKI5d0-4IcM,6198aGbx-bkdh,23,60000,Alugada,7,Pagamento_dividas,B,25000,10.25,1,0.42,N,2
Y5jUW8LC-ZRMT,zPohWc8z-wCSd,eHLMtPu8-yJr1,39,92000,Hipotecada,1,Pessoal,C,20000,14.79,0,0.22,N,16
q6jShijc-mWYM,A3h43LEz-OGKF,348JJyIF-3ca7,22,72000,Propria,6,Emprendimento,B,16000,10.37,0,0.22,N,3
ZfflnYDo-gI62,MS7LNHKL-NJq9,BT6UCTds-W2oO,29,148716,Alugada,4,Pessoal,C,24250,13.23,0,0.16,S,9
B33sgWqu-praF,8bv9ccLd-PaN2,v9wQaOoA-B09R,22,44004,Hipotecada,3,Educativo,D,9000,14.11,1,0.2,N,4
2YbxH3jQ-simk,Wcsvj4l2-rpwN,iDMvnFJD-B1oi,35,50000,Hipotecada,0,Educativo,C,5600,12.53,0,0.11,S,7
7AezrqOq-1xY5,SdEpLfOQ-xxsA,iNzAdlEW-rrti,38,27600,Alugada,3,Medico,D,5000,14.59,1,0.18,S,16
b8jN2c02-CbqW,SC7OlzyZ-RAKD,xE3n40bO-4rbt,23,72000,Hipotecada,7,Educativo,A,20000,7.49,0,0.28,N,2
Kvv6Dmzl-sXra,ZPKTUj2U-DgQr,yyWrHrXC-mUf0,27,84906,Hipotecada,11,Pagamento_dividas,A,4500,7.51,0,0.05,N,10
8X5B5QhE-baJl,BG4UpyOv-p0KA,RxCxeGrR-QmFB,28,81120,Alugada,0,Pessoal,A,8350,7.49,0,0.1,N,8
Nw2cPKIG-M3EP,c8n3apdT-KQUo,jPD35Im3-XuAZ,23,50000,Hipotecada,5,Emprendimento,A,3600,5.99,0,0.07,N,2
guv1HXdS-gvCB,o6HjCfkq-hguu,K1mBdx69-CY7W,27,61200,Hipotecada,3,Medico,A,13000,8.49,1,0.18,N,10
7Oj8Xtat-oQpx,a3cJ54Ed-GQ2a,RBlt2bMw-IHzx,28,46000,Alugada,3,Pagamento_dividas,E,9000,17.56,1,0.2,S,7
y1kyxNCF-kxHO,TKdzqZhE-oFs8,I5ry1qd5-0Blc,30,79820,Alugada,4,Educativo,C,14400,13.49,0,0.18,N,6
kYAmrFbp-E8O5,7EWsPuUa-DpDj,Aqr1Rdft-N9hr,23,69996,Alugada,8,Educativo,B,13000,11.58,0,0.19,N,3
gTKCtqH2-aJ9O,wAUyrjem-rssQ,aTybur1I-Q9Ol,30,210000,Hipotecada,8,Pagamento_dividas,B,24000,11.49,0,0.11,N,6
KXHOntxO-DEic,ZOnUddtv-Ecql,ALQC32Rc-m1gn,41,34560,Alugada,8,Pagamento_dividas,D,7550,16.89,1,0.22,N,14
pjtKMe0J-srbO,7QxMuCxh-06Ja,EJGMgRDu-X8CJ,29,141000,Hipotecada,1,Emprendimento,A,8000,6.99,0,0.06,N,9
o8CPxzyy-BZv5,BHHUzeUi-IwLJ,qjhafour-yFlT,23,47000,Hipotecada,8,Emprendimento,A,7500,7.51,0,0.16,N,4
vPEmJiiK-NpRA,N7dadAUz-yRMP,ZdrwoJiz-L3Rl,26,48000,Alugada,3,Emprendimento,A,4000,5.79,0,0.08,N,2
qNuFm9Eq-FniZ,L64vR9n9-Rc6o,EPp1sjb9-D3Pf,29,70000,Alugada,2,Pessoal,A,4500,5.42,0,0.06,N,9
C6JRrTis-ypNZ,UIoqJ7CC-WuGE,5y1MHxTg-RblJ,24,80000,Propria,8,Emprendimento,A,12000,7.49,0,0.15,N,3
wAh8r1jr-fsBY,FBAclioM-O3BR,ooXF121r-zfhT,36,52000,Hipotecada,2,Reforma_casa,A,8000,7.51,0,0.15,N,14
xMPwy4FP-LBv8,75EF9FpH-stO5,zFbJM02i-f61N,23,54000,Alugada,7,Pagamento_dividas,B,8000,10.99,0,0.15,N,4
r8ZMTHYq-5e4v,6Qqv39wd-4pwH,O3YRedho-YxOe,25,74000,Hipotecada,5,Reforma_casa,D,10000,14.59,0,0.14,S,4
oHi3aLmt-QE1P,qUwNHuD1-JiLE,95TIe3ew-tiTO,34,62900,Hipotecada,11,Medico,A,18000,8.94,1,0.24,N,5
tFQIRnJO-c11f,SEY04CqK-kmio,gBiXhx56-qOCl,25,35400,Alugada,2,Medico,A,2000,8.49,0,0.06,N,2
g1MRqxkK-J9Qs,crUrpxPP-xEKt,NGiyMzn9-8c15,28,85000,Hipotecada,2,Educativo,A,15000,8.49,0,0.18,N,7
yNrSqMlM-0PNI,pnpQtSKs-OC97,dXEFvUBF-vC8f,26,106000,Hipotecada,9,Educativo,D,10000,15.33,0,0.09,S,3
SkFCjaRG-NnzN,BHox4zMj-2FmS,88Ic0PkP-10vj,22,45996,Alugada,2,Educativo,A,8000,7.51,0,0.17,N,3
zdoaepCR-9J9M,0A9EjAd4-I8Id,Qa0OT11z-e2bm,27,83000,Hipotecada,11,Educativo,A,3500,6.03,0,0.04,N,5
XnTAv8M8-yGwU,QkH3QAkT-a32f,cverlhwc-qeyX,30,54000,Alugada,1,Educativo,E,16000,17.99,1,0.3,S,10
4umXdBH2-lfeA,GxC5LuU0-dfiy,5iSPjrar-ZJZ7,22,25000,Alugada,0,Pagamento_dividas,B,4000,10.36,0,0.16,N,2
BXDmZlzI-hCfA,hTF38CQA-KfCY,tBbY8DAB-6LKH,35,38760,Alugada,2,Medico,F,8000,18.09,1,0.21,S,7
O169gO2y-ukqd,y7hPzBud-TSip,yBRk3gjv-Btu9,25,44966,Alugada,3,Medico,A,10025,5.42,0,0.22,N,4
lXPHHARp-JQPQ,zXE2lfIz-Y3ZH,ELX5gFjy-6s8g,23,48500,Alugada,5,Medico,A,3850,8.49,0,0.08,N,2
i7ps7ETw-S1IT,K5RAlatx-IUNB,LMWNXcbg-OANU,26,75000,Alugada,0,Medico,B,12000,10.38,0,0.16,N,3
YBhnIovi-FeAf,oftS7lqR-UuCS,49uJ8QeO-8i7l,27,35000,Propria,2,Reforma_casa,B,6000,11.99,0,0.17,N,10
tLTig6nR-qF6p,uhYsCNqv-R4nm,0vUQ69mf-w66X,35,100000,Hipotecada,19,Emprendimento,B,1800,9.63,0,0.02,N,8
DXarql1B-lhXg,YnWyZCUJ-Qpay,ft6vxoxr-QY7C,21,31680,Alugada,5,Emprendimento,C,15000,12.61,1,0.47,S,2
uwfRQ8sL-ePZR,Od6kwapw-08IE,zPX5cUWi-ajsg,30,37400,Hipotecada,6,Medico,D,12700,17.27,1,0.34,N,5
jWUvKrf4-axs1,7f3I03hN-859j,mAmmyhpl-pY0A,34,72000,Alugada,17,Medico,C,2400,13.16,0,0.03,N,8
MYu1CMWu-QDw0,P0qEX5n0-aS3K,TBAcLhi7-QXl3,27,44000,Alugada,1,Emprendimento,D,5000,16.89,1,0.11,S,10
5jBJK1Sc-Bw9C,fkhHrLlk-6MFD,ICLOCu6c-LRtQ,23,52800,Alugada,4,Emprendimento,C,14000,14.27,0,0.27,N,3
O1dRiEyu-ycRp,vnHFnxfD-WxIi,xyQndYFh-Ov3L,25,39996,Alugada,3,Medico,A,5000,6.92,0,0.13,N,3
C5ap53sf-NWcA,ROd5taLX-FP34,2WBc5bxY-uZ15,29,125000,Hipotecada,6,Emprendimento,B,3400,9.91,0,0.03,N,7
Keio8BlP-EoBu,awqYYeoj-1mju,aMCWwEvq-nLvU,23,70000,Alugada,1,Emprendimento,C,3000,14.27,0,0.04,S,2
UhgDQBBv-RA8m,jfLDMFjF-aUEB,0IpcLlAw-NmP7,26,62000,Hipotecada,10,Emprendimento,C,10000,13.43,0,0.16,S,2
iXaUljYq-BmTi,3pwGxdqR-JZrm,PKESMWDK-to72,32,156000,Hipotecada,14,Pessoal,B,10000,9.63,0,0.06,N,9
NzsjcEnb-M4Ck,Yigun4n2-xXpQ,oD4S5Hcb-oRMl,24,54000,Alugada,5,Emprendimento,C,21600,13.49,1,0.4,N,2
fnvwivqk-nzJ0,RqGha87z-4A6u,eKlLKCtf-7Hcg,26,95400,Hipotecada,8,Pessoal,C,5000,12.68,0,0.05,N,3
xasAeOAF-n5Gs,3fL78seR-dK2J,cMoMqUhX-qByE,38,40000,Alugada,4,Educativo,B,18225,12.42,1,0.46,N,17
HOG7MA3l-zzKc,599TXQtY-aFZ6,BmJvHO9g-l4XD,28,100000,Alugada,1,Educativo,A,10000,7.51,0,0.1,N,7
9er6jenm-yK30,ITgzi8YU-YRys,W4LWX9ld-XmKG,28,69000,Alugada,1,Emprendimento,D,12000,14.46,1,0.17,N,9
RWMjKKFZ-HoOg,hnI6L3cW-eIvm,4qv2yeEi-JaU7,22,44000,Alugada,2,Emprendimento,D,10000,15.58,1,0.23,N,3
FO8Xxwqk-K0OO,OPy3eKvu-JR90,zC6bbKeS-7kD7,23,43500,Alugada,2,Pessoal,C,10400,13.49,0,0.24,N,4
dPpfuiD0-XGfq,EZdflYP3-8P1A,N6cfXonn-jaJR,24,87504,Propria,9,Emprendimento,B,7000,8.88,0,0.08,N,3
KXsy9ncj-3Jls,Ieeq8pwl-8Gtl,ER2IiSpo-pu8C,22,26000,Hipotecada,4,Pessoal,B,4000,9.25,0,0.15,N,2
20tvM7fX-6NGi,bkvtE3O1-xMNU,o8zzElvX-qaMz,28,56100,Alugada,9,Medico,D,20000,14.59,1,0.3,S,5
ZkkxWDpG-N438,gw7lXjxK-cQTf,vfnK2U2J-dpZg,22,25000,Alugada,3,Educativo,B,3000,12.69,0,0.12,N,3
3vi8fQu7-Jsps,O2p9C00S-urAj,TT812HTc-Cfyc,24,70000,Alugada,0,Medico,C,6425,13.72,0,0.09,N,2
QpyrymPb-g0qk,26jpQCpl-Wrcs,DxSiBKFA-yjnu,32,39270,Alugada,5,Educativo,C,6800,12.99,0,0.17,S,7
uoAIbI5d-SMh0,EtZTPP9C-XDrQ,SoA1GBeN-CNTu,24,90000,Hipotecada,8,Pessoal,C,5000,11.34,0,0.06,S,4
ZTRk09Ey-SeHr,XgmsG9p3-1rsK,jxUiOen1-i2iH,25,38748,Alugada,2,Pessoal,A,3000,7.29,0,0.08,N,3
TZxlRAEr-ThJE,0nkLhsFa-SDtm,PGMf8Mnp-TS7g,26,57000,Hipotecada,10,Emprendimento,A,14000,5.42,0,0.25,N,4
fMXNsWvZ-KtZ8,GCxoUEYQ-WChs,pE9QKEO2-sGAq,25,72972,Hipotecada,9,Pessoal,C,10000,12.99,0,0.14,N,3
SwTi9QmC-MzxD,Ock5BKfp-rX9e,QqEtXPF1-wGn1,32,36000,Alugada,1,Pessoal,B,2500,10,0,0.07,N,6
2jv8RRwg-LP98,0SW93iYn-BQvq,eonpED0h-H4zX,33,58344,Alugada,5,Emprendimento,D,11975,16.29,0,0.21,S,9
qOersNlf-x1aD,QkR0KaEb-Be8q,SrP3Ww3p-u8b5,22,42000,Alugada,3,Educativo,B,8500,12.53,0,0.2,N,4
qcZFuyCc-5Lji,cywKxq5r-FDd0,7XU6PmmZ-YZgb,26,75000,Alugada,0,Pagamento_dividas,A,7000,8.9,0,0.09,N,4
tsjohFTZ-Mc1j,tft1Zdqe-M1RN,ygcOc37W-dT1C,38,48000,Hipotecada,1,Pessoal,A,18000,8.49,0,0.38,N,11
9aW0IQkR-8Pr2,9kfs0mtL-IKpr,ZHX5Knei-1ixs,25,62000,Alugada,9,Pagamento_dividas,A,7000,7.49,0,0.11,N,4
CmOYnkr4-dP7y,MucjH900-sadR,KMymjgYb-hoCQ,23,112995,Alugada,7,Emprendimento,A,2500,7.37,0,0.02,N,3
YdsFKX7E-N06h,TZFkOKon-DSOF,k1bLJvK6-W4mv,23,43200,Alugada,7,Medico,C,5000,12.87,0,0.12,S,3
3rGQazoA-kBiD,UPSmiEGt-zbtm,OyAAlpC6-EInU,22,25000,Hipotecada,0,Reforma_casa,B,3000,9.99,1,0.12,N,3
Hw6Mpjel-B8jG,lzY796Px-sse4,iK3HEAka-lSxJ,26,38400,Alugada,0,Medico,A,12000,5.99,1,0.31,N,2
UobbUKGT-qOpj,5Oe1SQvj-SFPM,zzuXGYRs-Wbck,22,36614,Alugada,5,Medico,B,7000,9.99,1,0.19,N,4
BKxijN2X-MSi6,IETAhYct-LJzW,p22yNjYu-64Es,30,39750,Hipotecada,3,Reforma_casa,B,1425,10.37,0,0.04,N,5
1hvMXDjx-81Ze,f4aDdIKU-vAn6,QXPpjscp-saWI,32,130000,Hipotecada,0,Pessoal,A,12000,8.59,0,0.09,N,7
OG7GNwRU-Q4Y5,Wf3YLU2M-z5Z8,atfQ1uOf-8R9L,40,182004,Hipotecada,7,Reforma_casa,D,25000,16.07,0,0.14,S,12
ESLwdfu9-W6xh,1nfakyJZ-istB,ggEqGByh-7mtx,23,57000,Propria,7,Educativo,B,4200,10.51,0,0.07,N,3
OTKMKWZn-q2i6,ykdIIRt0-Ru6t,OevCTq5r-MLp5,24,50000,Alugada,4,Emprendimento,A,18000,7.9,1,0.36,N,4
sUjhXo0a-F37t,mnmvecRZ-GqZH,770PQir3-loKi,22,26500,Alugada,3,Pagamento_dividas,A,1900,7.29,1,0.07,N,3
Gr6paiLr-dA9g,eOpNdS4z-WHpy,HC4ESXP4-g2H0,29,97000,Alugada,4,Emprendimento,B,25000,10.37,0,0.26,N,10
JQCx8Hri-OJAS,uldIvgDI-yh4l,pzHSxfzc-wZ51,22,50000,Alugada,4,Educativo,A,9350,7.49,0,0.19,N,3
y74e5eES-uIev,79gJ3MM6-IuRL,I567fZvQ-9qNd,26,65000,Alugada,1,Emprendimento,A,3000,5.79,0,0.05,N,2
OruL8y5K-tGFy,wueqO16Z-cdcG,hDpKNObW-83IZ,27,41000,Hipotecada,3,Pessoal,A,10000,8.59,0,0.24,N,8
3WsCDuY3-hbJY,EWjrw6Be-eLcj,iOwpvAuY-RdMw,28,148000,Hipotecada,0,Reforma_casa,D,15000,15.65,1,0.1,S,5
4aRjbXMs-4WWN,TSBDeNlu-TO4o,AtowN78F-AETG,23,48000,Propria,6,Educativo,B,5000,10.08,0,0.1,N,4
yOy3TO5v-8org,aiRUW5dl-4ubD,70ytLz2B-Snf8,36,55000,Alugada,8,Emprendimento,A,7500,8.9,0,0.14,N,13
5eIKzpwt-rPK9,jALJw9ju-To8x,cD62riBs-5hPx,33,69600,Hipotecada,17,Pessoal,B,16000,11.99,0,0.23,N,8
YReoP8Yy-zeqJ,TXLtEm27-ZY6b,PKAeS5g5-Hjkn,27,125000,Hipotecada,2,Educativo,A,8000,6.76,0,0.06,N,10
idJGorH8-pOCj,Qp47PuY6-jfOM,fa5fEHxT-JIPg,24,74000,Alugada,7,Educativo,D,8000,15.62,0,0.11,S,2
qvi0WNCn-t9LN,2h70yDy2-3ezh,gGBsfozP-e8mq,24,35004,Hipotecada,5,Educativo,A,7000,5.42,0,0.2,N,3
UAX5KAhI-dfzI,GjJ9gi19-OKDm,n2esFqgA-Z6QP,25,108000,Hipotecada,9,Pessoal,B,4800,12.42,0,0.04,N,4
cnN2XH7i-KONW,HFbEl4oU-XWXa,MkKnwb3C-ANPS,31,200000,Propria,4,Reforma_casa,B,23500,10.99,0,0.12,N,5
NhKCTnBm-zWel,NCkhQJ3Z-WmdR,l6Fg8PWE-43zr,22,57200,Hipotecada,7,Pagamento_dividas,A,7500,7.51,0,0.13,N,3
62mOsDxB-UkAU,pFiceTbq-gtIv,oKa4J1lG-xtp8,38,30000,Alugada,5,Emprendimento,C,5000,13.61,0,0.17,S,11
9cJ7f3A0-5lH7,begW5yf1-JL7b,wp1e48fy-uXUU,22,60000,Alugada,0,Educativo,B,15000,11.71,0,0.25,N,3
gQGtavqO-JtL1,2pEsKs1u-m2Q0,64hnZ2R1-McLu,30,45063,Alugada,7,Medico,D,7500,15.05,1,0.17,N,6
w0K2B3MA-em5P,g4yCanme-Hq9X,l0bUgt3N-Qlxh,23,39000,Alugada,0,Pessoal,E,4800,17.99,1,0.12,N,4
Ns1xzvnB-fIOj,BGHEXHxp-NaNY,kGO9JqcK-fT7P,24,33000,Alugada,4,Medico,D,4800,14.91,1,0.15,S,4
3Qpw78XD-IsUu,RvwOAPnM-9qiW,TT5TXeaO-Bk8r,27,78000,Hipotecada,6,Emprendimento,D,15275,16.89,0,0.2,N,6
t4Ko8TZE-6W8m,ajuY0AyJ-D5hu,6W61SMwd-JSvo,27,23004,Alugada,6,Educativo,F,3000,17.8,0,0.13,S,10
xFFWEEzJ-erC3,HDNm6anZ-zz1u,1inAkX71-pYSY,50,60000,Hipotecada,8,Pagamento_dividas,A,2000,7.49,0,0.03,N,15
qosfnph2-Icff,KQy75ddQ-vIcF,bx6biJAC-2JiG,24,145000,Hipotecada,4,Pagamento_dividas,B,20000,11.36,0,0.14,N,3
dfo9Fvk9-h3OQ,SCYyOI3J-oTUk,RuIcBdcj-X3gH,22,26004,Alugada,5,Medico,B,4800,10.99,0,0.18,N,4
Uxx74Ka3-OnqN,exd4CJKk-s3ml,iQwPnbyc-ktrf,30,40000,Alugada,8,Emprendimento,A,2500,5.79,0,0.06,N,8
Q22mXKXG-raDi,iCTOLB7R-tl48,B5akzadr-PLNO,29,45516,Hipotecada,13,Pagamento_dividas,C,6000,13.49,0,0.13,N,8
1PYXXwkQ-cBCH,fNPrwmOr-4Tc7,FJygP73l-4XAm,41,50780,Hipotecada,14,Pessoal,B,6000,10.99,0,0.12,N,17
UEUPY5Ek-pj9X,j06x2SYk-I5XL,LmAWWoqo-c9w7,25,128500,Hipotecada,1,Reforma_casa,C,15000,12.53,0,0.12,S,3
Jrh1sStJ-NhRz,AOtf7xgj-Ya74,4kkUa33y-QnYS,40,54000,Alugada,7,Pessoal,B,12000,10.62,0,0.22,N,14
mj8WmU4Z-gyFf,UuMtMi3t-vyM6,nqMaUx6i-CsN2,21,50000,Alugada,5,Educativo,C,1000,13.49,0,0.02,N,3
Zzpp3lbo-S41o,77KsWlm8-jbbY,fvU6Mhi1-nXes,23,54000,Hipotecada,2,Medico,D,7500,15.58,1,0.14,N,2
CIgpq6zv-ivZ4,L1PAn5bR-2DEl,jbs6YNEk-hd8H,24,80400,Hipotecada,5,Pessoal,A,12000,5.79,0,0.15,N,2
oPWmxWvH-8ukE,ft2KPFHA-33G9,EJDqKDlF-bQht,23,89204,Hipotecada,5,Educativo,A,18000,7.9,0,0.2,N,4
Kif10v5M-iKBr,Pv70qr19-evF1,szeWxFmy-wfCB,21,17916,Alugada,1,Medico,A,3000,6,1,0.17,N,3
uOH4el5O-AS26,NbIjbYT6-yNqu,wSTiM7K3-6eAs,24,85000,Alugada,0,Medico,C,15000,13.11,0,0.18,N,3
yTeJmuoL-BDJN,v2gwA3kc-qma2,zgJAok7W-BqEt,22,50000,Alugada,3,Emprendimento,C,13000,12.23,0,0.26,N,3
awD9rvXw-58an,xxbqIeow-eW5L,7jm6UkpT-qnub,23,25200,Alugada,0,Reforma_casa,C,6000,13.23,1,0.24,S,4
NOMLtMag-kwAI,ZpvjSSzQ-zksX,CY6XNB5g-EFCL,23,48000,Alugada,4,Educativo,C,1600,13.98,0,0.03,N,3
QjDvJ2hO-7var,hk0nEeaL-8Kcx,olipkiWO-k0Zk,30,100000,Hipotecada,14,Medico,B,15000,11.14,0,0.15,N,9
BGWh7OJL-U8WY,0c8KAXTU-ZS3z,b3j6G2RK-aJHe,22,29654,Alugada,3,Educativo,C,7000,14.22,1,0.24,N,3
YFLFUYT8-EwUn,CkPAccgg-SBn3,3G1finvH-7KjE,23,61000,Propria,1,Pessoal,B,12000,11.71,0,0.2,N,2
aDvvs6Oy-DeKw,G970cDYD-ZvEs,Rv9p5XJs-QWY1,28,140000,Propria,12,Emprendimento,D,18000,16.29,0,0.13,N,7
42QnkPbI-9TCL,ZH8MLvPf-gTZy,N2v1h8YY-8OhM,22,28800,Propria,2,Educativo,D,10000,16.49,0,0.35,S,2
4HoPvvRN-FRqL,25adeb6B-qoXh,y6dSKpu3-a9uF,35,59196,Hipotecada,0,Educativo,A,5000,8,0,0.08,N,5
tlJMlo9r-debd,JP7dj2Dh-yuPp,tkoBmxsN-bpYW,26,48000,Propria,10,Emprendimento,B,15000,11.12,0,0.31,N,3
CKlWFP0b-WHZR,0FK0TMxz-Wu7Z,1MsoCyyE-eeaE,22,40058,Hipotecada,5,Emprendimento,B,6000,9.91,0,0.15,N,2
CG6Yjx8s-AWzi,pCoc5foS-2aq8,XeTIAz2L-rpvK,21,33000,Alugada,0,Reforma_casa,C,2000,12.61,1,0.06,S,3
LkBb7k6t-tqro,3NY2B8ly-ygwo,RFmKjJib-hdHQ,26,64212,Hipotecada,5,Pessoal,C,9600,14.27,0,0.15,S,2
cdXwkcPn-taBM,y6pGlGEG-YBh5,bRAWXn8s-mScH,22,31200,Hipotecada,2,Pagamento_dividas,A,1050,7.51,1,0.03,N,4
s7hSvu2M-fZfX,8ImsZY00-lKwZ,Jh1EzZe0-Rlvv,26,116000,Alugada,10,Medico,B,19800,11.48,0,0.17,N,4
UXIxGiCa-tuev,fLU2WjII-uK2i,roPYKmef-UTlm,28,66560,Alugada,4,Pessoal,B,4800,10.36,0,0.07,N,5
S2jtsMOK-EZmy,Fx4DLnMP-Sriy,w0tkPHe4-sjJ2,25,48074,Alugada,4,Educativo,C,12000,13.85,0,0.25,S,4
F6psK4rm-Ub1C,KLn4W1wY-0HKr,KnLWE4x3-bP22,30,250000,Propria,8,Medico,D,15000,15.99,0,0.06,S,8
E3R9D6SI-hgYk,TSJCeUwR-7g8Y,Eh3HoTTe-urlg,45,139380,Propria,4,Reforma_casa,A,9000,7.51,0,0.06,N,12
RfBJoQ5L-3Ojd,TB3lDplQ-Uvub,iy9A1v7x-MnUi,24,73000,Alugada,5,Medico,C,9600,13.92,0,0.13,S,3
wfNSrML3-wwJ3,oyCtxXMr-xTr2,zj39W05s-tiIt,40,55000,Alugada,14,Reforma_casa,A,18000,7.88,1,0.33,N,14
LMl8wzbw-YX9X,sUaunRl9-1ZUU,k8a6eO0Q-IX2I,26,45000,Alugada,3,Educativo,A,6000,5.79,0,0.13,N,2
uU6IeQlR-qCqu,4GKScpNl-l9JF,v6NyuInk-5DSS,24,86000,Hipotecada,3,Emprendimento,C,15000,13.16,0,0.17,N,3
OkxcTA7Q-dmLT,EM7LeHt1-qD4O,dMjUl4Hi-OCnx,34,67014,Hipotecada,18,Emprendimento,C,16000,13.22,0,0.24,N,8
eetjLp3D-6DWn,g3bmE67d-9Q3z,S8rMBF74-jh2H,22,31760,Alugada,3,Pessoal,B,12875,12.53,1,0.41,N,4
Ft706GJD-4ez7,Y2udnkzy-48b5,TgJXNtI4-HRek,31,96713,Hipotecada,3,Pagamento_dividas,A,7000,8,0,0.07,N,6
516TFgCL-QsgW,ovQ1JDd3-rbef,LDDrzWGT-94Oo,23,64600,Alugada,7,Medico,B,7000,11.86,0,0.11,N,3
317taF9b-FQtX,e3rzt7lT-Oc1W,1y6ouije-2n3p,25,51684,Hipotecada,9,Pessoal,D,4000,15.99,0,0.08,N,4
CE0q4Wcg-f16d,tUqCYO1l-jNzM,kDBUvjqN-eyZB,27,170000,Alugada,0,Reforma_casa,A,16000,5.79,0,0.09,N,8
sG7Hwtsi-cmCb,haL4YNpq-Csdw,snMf67Os-vnZ2,23,57700,Hipotecada,7,Pessoal,B,3500,10.65,0,0.06,N,4
MM0sx4Sk-cGwG,Nt4QabCH-iMcA,7U2Yt6Fn-MlK1,26,96000,Hipotecada,3,Educativo,C,12000,13.11,0,0.13,N,4
KLh0v2Ql-wD0x,IadcuW2q-2AXw,4cLnMyM9-qxRs,28,48000,Alugada,1,Educativo,A,2500,8.49,0,0.05,N,5
fEBz0A9k-rbfM,KmRI7NrG-JUxU,bjl7rEsq-a0wg,31,120000,Hipotecada,6,Pessoal,D,25000,16.32,0,0.21,S,7
MBj3Xjl6-IFcx,Tt9AvUmL-0SoA,C5u17fYU-Q7fi,36,55200,Alugada,3,Medico,D,9900,14.84,1,0.18,S,13
IWaZMICW-BjcL,AwITyYMr-vqlE,CEYSTjms-1n76,23,65000,Alugada,3,Pessoal,B,14000,10.65,0,0.22,N,4
ObmrAcBx-0qnw,uOzmdlzG-qPaG,ezpEgpda-LtFI,21,36500,Alugada,2,Emprendimento,A,5500,7.51,0,0.15,N,2
ycS2Gzd1-RTPs,0HqlZTTr-Sshi,c26LfpmH-Jp58,24,55000,Alugada,3,Educativo,A,14500,6.62,0,0.26,N,2
XQWpNmB4-QOfd,RKnMmfQB-4eSp,cj3UDT8H-YlDd,21,20004,Propria,2,Educativo,B,2500,9.63,0,0.12,N,3
pIZiA2Bo-16kq,LlPg38M8-M483,x5bYpXbo-7Ke8,28,64000,Alugada,13,Medico,B,7000,10.59,0,0.11,N,6
Q1yjYAbv-tJTr,09zzdKcc-XTvp,6Cl0rPHM-jYQc,26,50004,Hipotecada,10,Educativo,A,5000,9.32,0,0.1,N,2
XfAfEp9B-iNX2,mzIYKdjB-RhQD,tMJZ4QMB-59uE,28,34000,Hipotecada,2,Medico,B,8000,12.69,1,0.24,N,9
lR4RN8mu-fPga,OAWsP7aY-dwDy,XeKWY3Sp-zTrm,22,29004,Hipotecada,6,Educativo,A,2500,6.91,0,0.09,N,3
BefHjifI-Ydgf,O8v2Qffp-iWPu,DYl4OXqM-5moh,27,45000,Propria,4,Emprendimento,C,20000,12.84,0,0.44,N,10
aEP1J13c-EECv,rvS5A6p2-TnBo,FT7qPBak-r0Nc,45,82800,Alugada,4,Educativo,C,25000,12.87,1,0.3,S,14
pj5c4z7K-uIwY,U8iwtNM1-FeQo,1a4bIbMm-S0n2,33,54000,Hipotecada,6,Educativo,B,2100,9.99,0,0.04,N,6
uvjJoWsN-2vSj,45OFnkPQ-rIjf,BSp26zRB-T8E6,39,75000,Alugada,0,Educativo,B,14400,12.53,0,0.19,N,11
au2glRpf-qg0M,zSMXANrq-vwhI,nHqWgBoS-Ue77,41,32004,Alugada,2,Reforma_casa,D,1500,14.74,1,0.05,N,17
SPfQ7afu-fbgQ,8wNIF5FB-7zsb,lfM68Uzq-WrA0,25,43000,Hipotecada,5,Pagamento_dividas,A,10000,7.88,0,0.23,N,3
mqDsT5LR-lDJJ,BLDvRfuk-AwvL,HBTinoa7-PA8x,24,45000,Alugada,0,Emprendimento,C,10000,13.11,0,0.22,S,4
TDBMmG3e-aho3,8NcffA8l-6AsN,KaUTvf14-8spc,25,50000,Hipotecada,3,Reforma_casa,C,4800,13.61,0,0.1,S,2
SIxCl6ke-KiXh,znKB7aEl-fj2Q,xtMvNFLs-S3XQ,36,170000,Hipotecada,13,Emprendimento,A,25000,7.51,0,0.15,N,13
yi6QBrvL-PCrw,P2EheXYc-DWtf,JsQYfa7a-Tlqs,21,84400,Propria,2,Emprendimento,A,12000,8.94,0,0.14,N,3
KB4D4scl-kQQB,j9fCuF0G-nIoR,zdmivFY8-K3ZP,24,19200,Alugada,2,Medico,C,2000,13.49,0,0.1,N,4
OBWdGPIL-ZKhA,0CWmUbGQ-B5xs,83mG3LZg-kBh3,25,59000,Alugada,0,Medico,D,5000,15.62,1,0.08,S,3
WYGOv7aa-v9tJ,YBY0SyTP-MN18,Za0jHwf3-gMYr,25,74000,Hipotecada,9,Educativo,A,18000,7.9,1,0.24,N,2
ynqmp9W1-SyAr,mDbsk4Bn-0bDL,Edhti0lv-Chlx,30,23000,Alugada,5,Emprendimento,D,3250,14.11,0,0.14,S,7
xjyBNsTY-vSOo,Wh0rRrwn-2Lks,N58W4kpE-uu8g,30,24000,Alugada,14,Educativo,B,5000,11.11,1,0.21,N,9
GfP7wv2I-tC0n,uwHBpsjZ-fDRE,9mYEq3LM-NXuo,42,69228,Alugada,3,Reforma_casa,A,10000,7.49,0,0.14,N,13
MR05B2Jy-B8Nv,rii64y0N-PqMb,rGiNDDip-hxuo,39,201000,Alugada,6,Emprendimento,B,13500,11.49,0,0.07,N,14
LLNjvafh-fMEF,wpjJSWKl-gMMN,QI1NYcHg-uqbB,23,75000,Hipotecada,7,Educativo,A,16100,7.9,0,0.21,N,3
CuicvmGM-NmOw,T9aDA0k7-kx5E,OMa0jtXu-PAcl,25,140000,Alugada,9,Educativo,A,20000,6.54,0,0.14,N,4
SkHymKbG-JKJk,ZOKuXkoj-BI4e,7cyqsKOf-2Q6F,22,40000,Alugada,3,Educativo,B,12000,11.89,0,0.3,N,3
yCgRdmks-33iq,QxNrBuJy-auwo,ueUNxXNT-5P5r,28,37152,Alugada,12,Educativo,D,2300,13.17,0,0.06,N,7
SYDenLf9-vQ1l,FkFWIb1X-Iyqa,Ct34wXQD-r3YL,25,78000,Hipotecada,9,Pagamento_dividas,D,8000,16,1,0.1,N,2
XKcR3Wu4-UjlA,zRmY7OmN-LP9l,4XrF7A5Q-Pb9z,22,40000,Alugada,2,Educativo,A,10000,7.14,0,0.25,N,3
ZJ335toY-gq4p,BISkmiun-jgbx,RFTzuKqm-IXNv,24,25000,Alugada,0,Educativo,A,4400,6.76,0,0.18,N,2
JFBS4OHc-KYdg,DNAPvnw9-cMFg,4LtwUT1W-KYJc,25,100000,Hipotecada,9,Reforma_casa,B,17600,10.59,0,0.18,N,2
Nvnm9CTH-C7k2,IcetrJpU-E9fw,LkP2tik3-sSnx,28,127500,Hipotecada,5,Medico,E,20000,17.04,1,0.13,S,8
berebwCo-Uc00,4hP7LQjy-8KKi,qgMcNYLg-GSJ3,26,59000,Alugada,2,Pessoal,B,8500,11.83,0,0.14,N,4
xx7zBAvF-5MAY,JTc0kOgJ-UepC,W7H7h7Z6-gUEf,24,70399,Alugada,0,Medico,A,1000,8.59,0,0.01,N,3
RdESlSnl-L9Jy,3vzuOXe7-jcWa,vB3MpNvI-9omW,24,131004,Hipotecada,8,Pessoal,A,24000,7.49,0,0.18,N,4
PnzzZryR-h4oE,Yyukv9Ws-URrI,IXsR8NOT-Oaqb,22,118812,Hipotecada,6,Medico,C,15000,13.35,0,0.13,N,2
sdev5pAW-ydjX,Ejov7kut-wRTz,CBSYftWm-T4TI,22,24000,Alugada,0,Pessoal,E,1500,18.79,1,0.06,S,4
58iUROYZ-sC0w,h7uW2P3p-Ygnl,1uCHj5TU-bwJO,24,61000,Hipotecada,7,Pessoal,D,3000,15.62,0,0.05,N,3
NCSm0quD-QMHw,lmhmFx2j-spGc,Mcfb7qm5-HBx3,28,35000,Propria,2,Pessoal,D,13250,16.89,0,0.38,N,7
5om0dr4v-86JI,yjCYhFEI-elLl,YGni13f3-Iq6M,42,80000,Hipotecada,3,Pessoal,B,10000,11.49,0,0.13,N,14
SeeZhDjf-34Wt,0kMkT6LR-c5Sh,GEs3M6ev-wwOF,25,66000,Alugada,7,Pagamento_dividas,B,6500,10.25,0,0.1,N,3
t0odp5Kr-89RL,x2mXKEGF-RBSs,PAYbJlku-wtdD,22,70000,Alugada,0,Educativo,A,8000,7.66,0,0.11,N,4
ASdUMAT0-R5tr,GlMtpxK0-lt9q,LkpdgzQm-9B5l,40,158000,Alugada,2,Reforma_casa,E,25000,16.82,1,0.16,N,16
eUiEGY4v-tSDP,38Z1D9cY-jOUE,vekO8KpL-bKu3,21,40000,Alugada,6,Pagamento_dividas,C,15000,14.27,1,0.38,N,3
QM9wCAy3-R2xE,PInkMnXN-e5CC,xhhf77UP-28Ld,22,33996,Alugada,6,Emprendimento,D,15000,14.96,1,0.44,S,4
4ypkyl18-wAhd,5ghsIX6A-Nank,sGenJmZm-8ACE,28,78000,Hipotecada,5,Pagamento_dividas,A,12000,5.79,0,0.15,N,5
7OIu1r6P-JCwW,vHYUeWo4-1khe,ZL69N0wI-DKnb,43,45000,Hipotecada,3,Medico,A,5700,6.91,0,0.13,N,11
Ess87kTn-4zfS,1vl1QZ1e-nImx,xlIDhvle-aA9W,33,72000,Hipotecada,6,Emprendimento,A,4250,5.42,0,0.06,N,5
j9Ceif6b-JA7C,nTaei1f7-jOI4,T8JenY6q-Ze6y,22,105000,Alugada,4,Emprendimento,B,6000,9.99,0,0.06,N,2
r9sgFdg2-g1Ij,ozSDFC4c-57QG,En3Lx8E4-ePiy,24,95004,Hipotecada,8,Emprendimento,A,16000,5.79,0,0.17,N,4
ZgfO484A-xU62,e4I0RtEw-APXn,Nzq3YhoN-K0ND,33,40056,Hipotecada,5,Emprendimento,B,16750,9.88,0,0.42,N,6
qmEAULkq-LA2s,pWkom6hh-3t0E,pRk1TKpA-206r,23,76000,Propria,3,Educativo,B,18000,10.99,0,0.24,N,2
98G8AxMT-C14z,xWXT3UWB-iAzx,QczixsWL-8L8z,26,147000,Hipotecada,3,Reforma_casa,A,4100,6.92,0,0.03,N,3
C0ffx1py-dBX5,pUBfCwBJ-flW8,f5haNpKa-sSB9,27,81300,Alugada,3,Emprendimento,B,29000,12.69,1,0.36,N,6
P6dWwXs9-vI1Z,zvcv4ZS2-k3Bc,MDSZZgBT-cE6r,36,41000,Hipotecada,6,Pagamento_dividas,B,6250,10.62,0,0.15,N,17
2I5W47MY-Zism,eMkwSvNn-Lokm,xW1bX7Aj-qEgd,44,80100,Hipotecada,16,Medico,B,8000,10.38,0,0.1,N,16
ppt6Yckz-QLg5,Fgjqaiup-iI8a,uW9axBT3-Kkcb,25,48000,Hipotecada,5,Reforma_casa,A,7800,8.94,0,0.16,N,2
WEEp2NWD-Ifq6,uRSIJ19T-gaSX,YbfM0pQ2-gtcK,23,39120,Propria,4,Medico,B,7000,11.71,0,0.18,N,3
sRpXTT5v-XSmH,6NObIMC2-U8ck,3i3ho9kF-gsbv,24,54000,Hipotecada,3,Pessoal,B,8000,10.99,0,0.15,N,3
6vfPmChu-iHcT,7G2nTxYI-pFRt,RJZchcG0-rlhG,24,54000,Hipotecada,8,Emprendimento,D,1500,14.42,1,0.03,S,2
xb1TSA3W-D89x,tDJGae1Q-Y3iJ,HBhTKPIc-WAHG,24,135000,Hipotecada,5,Reforma_casa,A,8800,6.03,0,0.07,N,2
H3Zsr0S1-XlTc,oeumBJNi-w9By,wPJbUXcb-0drM,26,90000,Hipotecada,10,Educativo,A,1000,6.17,0,0.01,N,4
GaWN6lFj-YBHE,sxrrDP7g-svuE,AE2X4BjZ-fS5L,22,24000,Alugada,0,Pessoal,B,2100,12.21,0,0.09,N,2
OF8cXob1-nj0t,dCWWOmry-1vJJ,GMrcHk2j-sNE3,29,40000,Hipotecada,0,Educativo,A,10625,6.62,0,0.27,N,5
zhMl3J2k-rE2z,bSJJic0E-HiHn,CFZ8FOon-6XJc,23,92000,Hipotecada,0,Educativo,B,12950,9.96,0,0.14,N,2
qzS7X8AO-iNLS,Os5UX5cm-zveK,SXx30qMB-lWOr,29,71000,Hipotecada,4,Reforma_casa,C,11000,13.43,0,0.15,S,6
rij7LfZ6-gKlT,gitwnBvm-EdRA,ZMhYQu6g-ZTzt,21,9600,Propria,0,Emprendimento,B,1200,10.99,0,0.13,N,4
CjiSkbK0-9QTt,LuOdj7YG-v4Kt,oEhZByv0-WpEM,45,55000,Alugada,17,Emprendimento,B,12000,9.91,0,0.22,N,12
IIig8omQ-rXph,0YeZ1gWy-tbb6,4I2CRcAw-1go0,38,35000,Alugada,6,Pessoal,B,5000,9.99,0,0.14,N,14
I29x70LH-58Jt,W3SWQ1yT-k3Bs,yWHasOcK-aWYU,30,60000,Alugada,0,Medico,A,8000,7.66,0,0.13,N,5
B4fFaR1w-ABLk,zgGDPJGf-cWm6,tg9atdq5-HoRj,26,40000,Alugada,0,Pessoal,C,5000,13.11,0,0.13,S,3
MkNb22tC-wMwH,mzIDiFkc-8SI0,rSMT3fMv-giJa,60,29000,Alugada,0,Reforma_casa,D,2500,15.33,1,0.09,S,27
73uBa94g-8MZv,mMKSNlg2-N6oC,viKxtuR6-XxTo,31,95000,Hipotecada,5,Pagamento_dividas,B,15000,11.14,0,0.16,N,9
HOay8tyG-4WmB,ma2jo9Nm-tjgA,IfhKjzTb-tL43,38,38000,Alugada,3,Pagamento_dividas,A,10000,8.59,0,0.26,N,15
2E0mkPaE-2CpY,ibtmCz6C-aQDk,jrmQlcfa-j4YJ,21,26400,Alugada,0,Educativo,C,2400,14.79,0,0.09,S,2
MgTCjtdx-rRCK,Oy86Xnl3-TxEr,DlrYStU3-PHPm,36,88000,Hipotecada,1,Pagamento_dividas,C,7750,13.23,1,0.09,N,14
fEQdjP3Y-NKON,joKbEWdO-hv4r,9a8rWzhX-HGqh,24,135000,Hipotecada,8,Emprendimento,B,21000,12.69,0,0.16,N,2
ICWz4q4S-cEaQ,3n5YCEo2-4XUc,gQQqQnOG-TIrF,22,54000,Alugada,2,Medico,D,7000,14.96,1,0.13,S,2
2gtGRZGh-2lY0,XRE7U8us-yxeu,CCLC2ng4-ePkP,43,43000,Hipotecada,5,Medico,B,15000,8.88,0,0.35,N,12
bDNFsPwl-3Fpv,xGNxHglc-bPuE,v7ERC00a-gwJF,25,370000,Hipotecada,5,Pagamento_dividas,C,15000,12.99,0,0.04,S,2
CcyP53Ch-S2tD,D780sgnU-k5S3,b9Fmhxml-ilFy,28,125000,Hipotecada,8,Educativo,B,8000,11.14,0,0.06,N,10
SGjHOfQy-vaNt,RWNMvZDa-ICEP,I8A94SG1-KZPH,36,59617,Hipotecada,14,Pessoal,D,21000,15.62,0,0.35,N,14
JbeZvHTA-FaNy,Ol2r93Od-REpt,4HoQ7ivd-lu28,42,101000,Hipotecada,6,Pagamento_dividas,F,25000,16.15,1,0.25,S,14
gIrLmsSo-wqo2,UAbgBGJJ-SQUs,k3Wuq4eG-ESNl,25,150000,Hipotecada,3,Reforma_casa,A,15000,6.54,0,0.1,N,2
uce0W3Wu-fAUP,nk3nhWSw-YiHs,eQwDWxyc-OnzC,33,62000,Propria,2,Reforma_casa,C,9800,13.79,0,0.16,S,10
ZFSYCywr-GiYb,JysRYOCO-Nmvv,lyknJwfo-NCcS,24,33996,Alugada,1,Pagamento_dividas,C,7000,13.16,1,0.21,N,3
ky84FDAQ-AHtS,EwpT7gMH-h0bl,3zg10afF-zGqT,29,99400,Hipotecada,3,Emprendimento,A,6000,6.92,0,0.06,N,7
eB24owMN-bs00,6p3Hft38-mHX8,eGyztFD2-E891,22,45000,Hipotecada,1,Educativo,B,8000,12.53,0,0.18,N,3
Q72fLjfk-4AFa,ezBqTlZJ-4Oy5,HRpq4tuF-Kjcf,28,41700,Hipotecada,7,Emprendimento,B,7750,12.21,0,0.19,N,9
5Biwhbwj-RNoo,rZOMahFK-S6oJ,XDtcsnwe-obAO,23,30680,Alugada,7,Pagamento_dividas,B,10000,10.37,1,0.33,N,4
8uhcAwMq-gtFb,jBU3uRdf-ULsU,0sXEMUt9-Oy0n,22,52500,Hipotecada,3,Pagamento_dividas,B,4000,10.65,0,0.08,N,4
34fPuITs-5Shx,YaENZthR-8hUw,KuovS0K6-pwuh,25,38400,Hipotecada,9,Emprendimento,B,12000,10.38,0,0.31,N,3
G2KQmH5s-9Xwc,j1yIbTSY-csm7,jJcYMoQg-o6xZ,22,130000,Hipotecada,3,Emprendimento,B,24250,12.18,0,0.19,N,4
ehNTUdO6-HYS0,XoshpfJZ-naGm,Bp5mgdS4-Cw9x,25,79000,Hipotecada,2,Medico,C,15000,13.79,0,0.19,N,2
YyI8ZgqE-n60B,xLiTKtbf-Rnyr,bvNM69uA-Bjrk,22,60000,Hipotecada,1,Educativo,B,17000,9.45,0,0.28,N,4
sY2KDa7W-aLQq,ylxylMl9-Sep0,ON7MkB3H-rc9k,25,70224,Hipotecada,1,Educativo,C,21000,13.22,0,0.3,N,4
2YSrqu3W-j6UC,PwctyToW-I9Xp,c4YAyutl-TTSo,23,54400,Hipotecada,0,Medico,D,12000,15.62,1,0.19,N,3
EekJzLl3-NHqI,qtqdmrWR-cR0X,qr65qYJw-5wk4,24,22000,Alugada,0,Pessoal,C,5550,12.41,1,0.25,N,3
asU9D7GD-6vuL,U58yKxJd-azt8,8HrCFa5o-6XGt,24,82632,Alugada,0,Educativo,B,10000,12.21,0,0.12,N,4
CrZUtnaq-3dra,cYaP4Fcn-JqLU,p8vKUwdt-incK,23,70560,Alugada,1,Emprendimento,A,9600,7.9,0,0.14,N,4
QgwSr0gP-WkZC,0dXJBCYJ-ti1S,NuHmuyIt-qE2t,33,140000,Hipotecada,14,Pagamento_dividas,A,9600,6.91,0,0.07,N,5
u8k4IHTO-oGHT,1JllBn52-NkFu,jrpEfoYc-Ijpp,45,70000,Hipotecada,15,Medico,A,10000,8.59,0,0.14,N,12
fb0hbqfk-9JeX,f3iuf2Jf-jH0b,r6BHTCWI-IynZ,25,50000,Hipotecada,5,Educativo,C,4000,13.43,0,0.08,S,3
7foPv3fw-BIDJ,aS3rSiWL-pPfo,CFliahe4-51zW,31,79800,Hipotecada,3,Pessoal,A,5000,6.91,0,0.06,N,9
LCqu6ScG-fE5a,9pS2Wbcd-fOxY,qpdCCxv7-FjJT,30,44000,Alugada,0,Medico,A,2000,7.29,0,0.05,N,8
1XERU9F8-NYLX,IB6lBS2h-nWhz,ErWKvptO-mhI8,31,60000,Hipotecada,4,Reforma_casa,B,9600,10.08,0,0.16,N,8
GRftilNe-rl5w,9cYRNqnU-maNK,APWQhSRD-zCPn,25,47000,Hipotecada,9,Educativo,A,12000,6.62,1,0.26,N,2
RqkgswMQ-qsx4,OOZC6YuJ-xQIN,MSHtQ5yU-T1eu,30,40000,Hipotecada,8,Reforma_casa,B,8600,10.65,0,0.21,N,6
yMqn12kg-bCaJ,3X0RurEq-78Yy,LhMeo4ZK-l8L4,24,42856,Alugada,8,Pagamento_dividas,A,16000,8.9,1,0.37,N,3
hLzRfxXM-zp4t,jDi8clFi-NOJa,GEA8ros9-BPcU,26,125000,Alugada,0,Medico,B,8000,9.63,0,0.06,N,3
h0WFdz0o-roGF,LsnCni57-1TAo,lLt7Xxky-l28g,32,60000,Alugada,0,Pagamento_dividas,B,6000,10.36,0,0.1,N,7
3pxYyfH9-hSPd,XrjG3bPD-dq46,S8XUdYcf-GjbR,25,60500,Propria,6,Pessoal,B,17000,12.42,0,0.28,N,2
DdS0CNWk-I060,sG8pHbbH-W6zu,GFC73S4A-pb3x,27,72000,Alugada,4,Reforma_casa,B,20000,9.25,0,0.28,N,10
5lDr9Ypo-aHdP,dNkKW8Rk-pbCv,ufG0z6Ff-ir6A,28,150000,Alugada,1,Educativo,B,8000,11.71,0,0.05,N,10
M1cSNCb0-kuDs,zuEnG0qS-08Hx,BAc51KtO-vwvS,22,68000,Hipotecada,6,Educativo,C,9000,15.27,0,0.13,N,2
lDYEmA0U-hGvD,8R3WFi0s-udRU,LSbxu9UT-72BZ,29,56000,Hipotecada,4,Educativo,D,18000,14.61,0,0.32,S,9
1p8l3Nmh-Xhhx,JWDZlsE3-n9me,oI2Ibb5j-ozsB,26,66000,Alugada,0,Pagamento_dividas,A,2875,7.49,0,0.04,N,2
O5DMH7vK-Pr8Z,7iLfGilj-ATaY,SMekrfiv-zTsm,37,37000,Hipotecada,7,Educativo,B,4000,10.59,0,0.11,N,12
tpWGDOhX-XHuX,pUn5OG99-CU19,vPWy61lj-nC0O,38,30500,Alugada,8,Educativo,C,10000,14.22,1,0.33,N,12
OjbcB8Wz-pFee,YLlFoErn-e0gH,DKvNw3jX-Tu1Z,27,55000,Alugada,0,Emprendimento,B,16000,11.12,0,0.29,N,9
axSgQ2iw-8Jtk,a0oGXLYi-LfIK,b78tGkvQ-FpHL,21,52700,Hipotecada,4,Medico,D,26400,16.49,1,0.43,N,3
ESon67IE-GZGY,7XtWtPZ2-o8Cq,CDhLNQ1q-rACW,23,60000,Alugada,2,Emprendimento,B,23000,12.18,1,0.38,N,4
HBCnkNsN-P9Xx,zUTnEIa5-6cdu,4hBgN4Hm-tTA2,28,60000,Alugada,1,Pagamento_dividas,B,3600,12.21,0,0.06,N,10
6xpEofYH-1Wcl,Hm99tihQ-BX5o,WB9gygQx-I31a,25,65900,Alugada,2,Pagamento_dividas,A,10000,8.49,0,0.15,N,2
aHc5ZaZN-NuHo,qHEu2mHp-pKIf,mEqU5ALL-0v63,24,20000,Propria,2,Reforma_casa,A,3000,8.94,0,0.15,N,2
p4UWFEn7-7NTY,Us14wQOj-iyOX,nEsREr3d-ZLiC,24,100000,Hipotecada,0,Pagamento_dividas,C,16000,14.72,0,0.16,N,2
bkbYKh1q-juyE,7pOEvYug-8TQR,TXDJu0vR-moH2,37,12360,Alugada,3,Educativo,B,4000,9.99,1,0.32,N,13
QZLxou7E-dm1X,8OUYqLjw-KHqe,nJorznHq-pYmF,25,90000,Alugada,5,Pessoal,A,10000,7.49,0,0.11,N,2
sTRK7ygp-RHxm,txsqvifc-RqgC,hRBQW6eE-PitO,38,72000,Hipotecada,8,Reforma_casa,D,5000,12.92,0,0.07,N,16
eFjJAZ11-r9s6,SzHp1OpN-tzxu,unqy7ic4-RIsX,31,96000,Hipotecada,1,Medico,B,22500,11.36,0,0.23,N,5
P5O9YZfF-cRYw,vhtMis5w-6XzU,JDHe1NjJ-meTn,23,57000,Alugada,7,Pagamento_dividas,B,10000,11.48,0,0.18,N,4
j48dwayy-tbI2,8vnMateK-iEmS,XR5bg2Ox-nb8g,34,54000,Alugada,2,Reforma_casa,D,15000,14.11,1,0.28,S,7
591S02fo-udbq,yXDn64Jq-BkvW,xH5DZyjn-yyQ9,25,77000,Hipotecada,6,Educativo,D,8000,15.33,0,0.1,N,2
EYX1XWLu-XFE3,47NN9iZu-Jl3J,81FaCwGE-6xr2,35,100000,Hipotecada,14,Pessoal,A,10000,6.62,0,0.1,N,8
w514hMSu-D8KJ,hAberCcb-LSbW,1cfg0YrT-N0XH,23,45000,Alugada,2,Educativo,C,1700,14.72,0,0.04,N,2
aQwiPfpg-XyKm,HTsEveQ9-7Iym,nJfKdXrp-5EQu,23,38000,Hipotecada,5,Emprendimento,B,4000,12.42,0,0.11,N,3
vlAKw3sR-8mbK,PwQksUG4-Pz9n,FjrfnIGm-NXdj,27,49200,Hipotecada,11,Medico,A,9600,5.42,0,0.2,N,6
cwf0dvZZ-yeZH,COa70q6I-ZDmD,z4ROtXLx-NnBE,23,40000,Hipotecada,0,Pagamento_dividas,B,6000,10.65,0,0.15,N,4
GxKPaeaW-WKjX,0royhM6s-Tj8X,CaJ9o1Jl-A8Es,21,84000,Hipotecada,5,Pagamento_dividas,B,10000,12.53,0,0.12,N,4
7OBguc7m-Wtfp,oQrcpGuR-A9DQ,QbMuoD8d-uKIN,30,100000,Hipotecada,9,Medico,A,12000,8.9,0,0.12,N,10
3ahTmWtZ-Aq0m,bDm4eTWp-pEQ4,YbOguw8L-kKK9,25,145000,Hipotecada,3,Pessoal,B,7500,10.08,0,0.05,N,2
DF3dxlca-okIu,WJucId47-L83L,OWN5RX6P-k7DO,30,198171,Hipotecada,4,Pagamento_dividas,A,5000,5.79,0,0.03,N,6
dUs9cKHh-Z117,oRfw5jOI-DMOv,Efgz5oLP-sPQF,31,99000,Alugada,0,Reforma_casa,C,5675,13.23,0,0.06,S,8
D8U70APL-hy7a,cDnI9KwX-seeG,KcaZjwFB-60Xg,28,70000,Hipotecada,2,Emprendimento,A,5600,6.62,0,0.08,N,5
jpQrKMs8-RQ6m,ChYFxNDj-dtNh,UuP3ckch-m4vt,39,61250,Hipotecada,0,Pessoal,A,5200,8.49,0,0.08,N,17
JQXW4r7I-L7Fp,RFCt51qG-yxry,W7QiCFKd-SYyT,60,150000,Hipotecada,1,Pessoal,A,10000,5.79,0,0.07,N,18
XebsNpmm-vipC,o5PC13Uv-3SwA,wriuypUf-K2QO,25,32760,Hipotecada,6,Emprendimento,B,6000,10.59,0,0.18,N,2
ztfNsFl2-2kek,EcA9IOLP-EpHP,SXCypm9z-KG7X,26,86000,Alugada,4,Emprendimento,C,10000,13.49,0,0.12,N,4
ddOwJFGT-7pd0,7gwB2GG5-SgcZ,PTQBIY1l-Neb5,22,24000,Alugada,0,Educativo,B,4500,11.49,0,0.19,N,2
KnHBoQFe-0Xnz,XYelaaBM-7Mwa,G8g5i6t8-XyrM,34,154000,Hipotecada,4,Pessoal,B,4000,10.37,0,0.03,N,8
Tahda0of-tGdx,rlynsbSt-qkeE,tQU1oEcw-1Ho1,34,54000,Alugada,5,Medico,D,3000,15.37,1,0.06,S,6
rrurRAvC-7qp7,AQHHsOGz-nrTA,jXHp7H6N-4Jj3,26,60000,Hipotecada,10,Emprendimento,A,12500,6.92,0,0.21,N,2
Pg2LIyxG-ER18,UMD6ao4u-lwQs,zp28lY0j-GL42,25,45000,Alugada,9,Educativo,A,4800,7.51,0,0.11,N,3
o91NqDnD-fiNi,2H43FPa6-Hpsm,p57NaPh4-Md7y,28,115000,Hipotecada,12,Pagamento_dividas,B,18000,10.37,0,0.16,N,7
5kULpBIp-9I8O,o0bvEHmd-ABt0,JtzLDCD5-ruEz,22,34359,Alugada,6,Educativo,A,7475,9.63,0,0.22,N,2
mr3gakgz-1iW1,A207JHdD-MRqr,bMlkMZkQ-9plO,22,50000,Alugada,6,Medico,A,9500,6.99,0,0.19,N,2
jpvT8Q9A-xHPo,H6HN00u5-U9je,S5bxh0AQ-QJNS,23,36000,Alugada,0,Educativo,A,8000,7.51,0,0.22,N,2
nPgRqSbz-6fUi,mvTPkkq1-eULX,TY0gYWrB-9RMJ,41,17000,Alugada,0,Pessoal,C,1500,15.23,1,0.09,N,13
jmJXcddC-rDMN,ou6QQl2u-HzOF,cgNtcOHy-qLFU,30,24414,Alugada,0,Medico,A,5000,6.91,0,0.2,N,7
1ZfZsd8O-Ey7Y,mvU3xnJw-RdG9,hgZ7F8fJ-2KMY,24,238000,Hipotecada,2,Pagamento_dividas,A,7000,7.66,1,0.03,N,2
dYTmAD0k-9GzH,I4Tb3kzR-E7bg,fDOgeGB2-GqS2,41,62000,Alugada,3,Medico,B,7500,11.36,0,0.12,N,16
bKbbw1gC-aYic,ta0p7RZp-Xsvu,91WLsza9-gKxC,24,30000,Alugada,6,Pagamento_dividas,A,6000,7.51,0,0.2,N,3
pxrGyrgz-t9fK,yFL1P0IL-FNQd,HoZNOM2L-EBW5,25,45000,Hipotecada,1,Emprendimento,A,3000,6.62,0,0.07,N,2
b48Z1WPv-e7nS,ek1NNGde-twCD,KGmLwc94-B8gy,27,105000,Alugada,4,Emprendimento,B,20000,10.62,0,0.19,N,9
szBdiNPd-vIat,iedonniw-Qeoe,udb7sqWc-T5qs,23,75000,Propria,7,Educativo,D,12000,12.49,0,0.16,N,4
wsnzdhbL-9wOY,HYFPyTj0-GSUv,feeFGzs8-XZcY,26,74000,Hipotecada,9,Reforma_casa,C,1200,13.22,0,0.02,S,4
Amx19jkF-tCKE,Ix4WNEA0-2uj2,chuEnhk4-tZ9R,48,110000,Hipotecada,6,Educativo,A,6000,8.94,0,0.05,N,14
SpBDly5E-cGUD,WZHOMpgv-atgE,izMBzDEa-upla,25,45000,Hipotecada,4,Emprendimento,C,10400,14.27,0,0.23,S,2
b0WkfiWU-WWFQ,MRyskHkX-piFo,BfB9Ota2-YcUw,21,165000,Hipotecada,5,Educativo,A,20000,6.91,0,0.12,N,4
PxCAjGy1-eja2,TRbQsvD5-uwRu,37ySDSJs-FWAD,30,48000,Propria,3,Reforma_casa,C,1500,13.48,0,0.03,S,5
rK1Us5xg-CYBF,v6lNOQy1-QJor,6r1HJkCX-ZGEp,23,61836,Hipotecada,4,Pagamento_dividas,D,1700,16.77,1,0.03,N,4
RAnNeBIR-9jBt,U2c41rOP-uGl6,K5GAS8SE-g9G5,53,88000,Alugada,0,Educativo,A,5000,8.49,0,0.06,N,25
GhcqN7Am-7BWi,iQl9Hr4H-Jae4,qrSnUiLy-IyEA,21,45000,Alugada,5,Medico,A,6000,9.38,0,0.13,N,4
Irgl5vCX-R6Jn,mIAEMbtS-MErv,YU6CiH9Y-LOyb,40,52000,Hipotecada,6,Reforma_casa,C,7000,14.65,1,0.13,N,14
71FUYsqj-e7oA,lGb8yKX5-Ep4g,ORK0XWqr-2r1i,29,58500,Alugada,1,Medico,D,22000,13.67,1,0.38,N,6
xLlT1cai-3ZMu,yKdNfzDC-d0p6,MKhyA2R9-5q0z,25,54000,Hipotecada,5,Reforma_casa,B,5100,9.62,0,0.09,N,4
JbWQsGG4-dLn1,2ZvSRMsR-G4Xz,YWt1hWI2-giER,47,126000,Alugada,1,Medico,A,10000,6.91,0,0.08,N,17
4XuYZ0Bn-sQfQ,nOjIgi8v-6s5U,B2ASUSDI-7sD0,22,32004,Hipotecada,6,Educativo,A,10000,7.51,0,0.31,N,2
kCFxKx1l-BzJ5,MugpMyDw-oZKu,UpiCRn1L-LS8D,21,50000,Alugada,1,Educativo,A,10000,6.03,0,0.2,N,4
fU6jDPQZ-PuT8,sju4d8hF-gFBp,sjCfb0Zj-2Tdr,24,96000,Alugada,6,Emprendimento,B,7000,9.91,0,0.07,N,3
GfdgNrCZ-iMIo,GGjZ0ZOZ-FYYx,1IOlpDDj-lKGQ,23,63000,Hipotecada,8,Educativo,A,7300,7.49,0,0.12,N,2
sXKp7Ph8-09qp,m8RDF8Ac-NbOI,e0Uz2uBC-OgMc,23,84000,Hipotecada,7,Emprendimento,B,25000,12.53,0,0.3,N,2
Yd4sTUtj-Z3JU,AWIgb8tZ-Zb5f,kJ2NYAcz-D9qs,26,63000,Hipotecada,3,Reforma_casa,C,3800,12.04,0,0.06,S,4
KuWto4ni-odBY,e4bhNFFz-stxp,JnT3bP6u-nYLT,27,80000,Alugada,3,Pagamento_dividas,B,7500,12.18,0,0.09,N,5
L1TjTdUF-KrYE,QHGX4SPa-XCmi,wdDw3eQr-irDx,27,106000,Alugada,5,Pagamento_dividas,B,15000,10.75,0,0.14,N,6
7dNGcmCv-Pii5,jUpMyy3T-SECK,YFKd99rD-rCik,33,65000,Hipotecada,3,Pagamento_dividas,A,2000,7.88,0,0.03,N,7
JvOTazhp-gmKq,weSSzQw6-jSIO,1tBhFeND-y7n4,22,42000,Alugada,1,Medico,B,10000,12.42,0,0.24,N,4
jBOnAjEQ-z20s,5h2xJ1OB-T1OM,2OunmCfT-Wrkv,40,34500,Alugada,2,Pessoal,D,5400,12.61,1,0.16,N,13
Yy8dOi9A-byTs,OEWq9ZR1-iQEk,BOUlncMR-nbLK,24,90000,Hipotecada,4,Emprendimento,A,20000,7.9,0,0.22,N,3
LJB323tn-kCdL,bwPpBRmT-1JUo,Qi2LL2SS-zWcH,37,46680,Hipotecada,6,Emprendimento,D,8000,15.21,0,0.17,N,15
dwROYi6i-SmMO,9zl5tAXr-dhxA,LRmlhXBA-3eH7,42,60000,Alugada,3,Reforma_casa,A,7200,5.79,0,0.12,N,11
YAgaOhc2-wZhx,aMfs3WZq-Yghe,nn9nEj1w-02mA,24,39456,Propria,8,Pessoal,A,1325,6.62,0,0.03,N,2
WCuAQ0CG-mIlL,nZnnZ911-hghD,tO9LUKK1-i68m,35,170000,Hipotecada,6,Educativo,A,6500,7.49,0,0.04,N,10
g0YP1rON-3CZP,LDbgbfQU-Cx3F,g6Z6SHuQ-kUUt,28,35000,Alugada,2,Medico,C,4800,13.49,0,0.14,N,5
z5djj1im-TrQv,q2KZeB39-nUNx,nbIGJdB1-hOro,24,47110,Hipotecada,0,Pessoal,B,11000,10.99,0,0.23,N,4
UZitC9CS-nfSB,kFaSssRj-RQ6P,6L1GjBiR-h842,24,45000,Alugada,8,Medico,A,3000,7.49,0,0.07,N,4
DO3Wn3sP-DRvn,Igp7B2sJ-fIgc,21I8yCJS-E5QJ,23,34255,Alugada,7,Emprendimento,G,6000,22.11,1,0.18,S,3
sLxJKxDN-t4F8,6MhpXdLS-DdRT,QWy7T376-i7p7,23,98800,Hipotecada,7,Emprendimento,B,1000,11.49,0,0.01,N,3
mNZJZstP-ZqX4,0JMApvwS-6XKw,Koikoz4I-R7rM,22,60000,Alugada,4,Pessoal,A,9600,7.9,0,0.16,N,3
o8MJQJNE-Finv,ffr3kplw-61FF,GhYJdT43-IBBK,27,98000,Alugada,11,Reforma_casa,D,20000,16,1,0.2,N,8
0tIGLjCt-hW4d,ysAlb77y-F3Sq,X9xyqQ1j-SArA,22,50000,Propria,6,Medico,A,15000,8.63,0,0.3,N,2
fdb7naaj-0EfB,ZEsBzrWt-mmte,EPyK7BKn-yPoO,29,38004,Alugada,2,Pessoal,C,1500,12.53,1,0.04,S,7
WO5TJi8n-1cBT,OdXjTU3G-XJ3k,SarA2bx0-qnir,32,84000,Hipotecada,15,Medico,A,15000,6.91,0,0.18,N,7
m2FbFXpm-uUkW,sfExqdkJ-3R9c,QKsCpc10-SYOy,27,127000,Hipotecada,6,Pessoal,B,21000,10.99,0,0.17,N,8
7vBIBhhj-Tw8I,7iUfHIK7-qU2e,TguKyi04-Z8Tl,31,25000,Alugada,0,Medico,A,13000,8.9,1,0.52,N,7
jKhWE0wQ-HT1R,pmz9Tivu-0v7w,W4yEOop1-0zCB,27,100000,Alugada,9,Medico,B,20000,12.69,0,0.2,N,5
N1DlWdlA-hJaF,ZukWobxi-Zt1p,4HfxWeTh-qf2k,24,56100,Hipotecada,4,Medico,D,4900,15.95,1,0.07,S,4
rZTgakws-cJAO,bMiEbIRW-9EcE,N5Qls6LM-x1n6,25,32000,Alugada,9,Emprendimento,C,5000,14.27,1,0.16,S,4
JQMmpCCN-zhUg,Ic8aJSqj-eR0R,5DHR5rXJ-6TZ6,26,95000,Hipotecada,1,Emprendimento,B,15000,10.37,0,0.16,N,4
XUCyWcti-vIOf,EMYYUXc3-UTgh,hWwvt71A-ZP3d,23,76000,Alugada,0,Pessoal,D,7000,14.96,1,0.09,N,4
jTlZsQSW-ojru,EMzUeDIx-RgH0,5Cuh2gIy-dTvW,26,65004,Alugada,3,Emprendimento,A,8400,7.51,0,0.13,N,3
xJGMZjpz-Ubt5,bu6jiOqk-zBBm,tP7hfrGi-9ntD,25,32000,Hipotecada,8,Pagamento_dividas,A,5600,7.9,0,0.17,N,3
4tD36gcw-IrsA,HOMkG0Xw-wmAU,0AqDleka-pynW,31,35000,Hipotecada,2,Pagamento_dividas,B,10225,9.99,0,0.29,N,6
msOwBE4q-MWX3,i6XPqZny-P4AC,lM6DWYnJ-JDXP,34,31075,Hipotecada,3,Educativo,A,7400,7.51,0,0.24,N,6
AFJjWthb-JWk9,LvXsz9Dp-zxB1,1M0kRrLr-UGhI,28,35000,Hipotecada,5,Pessoal,C,9600,13.16,0,0.27,N,8
iNdoWHYo-ZFDf,NiM2jmq0-tpH4,CxX24FnB-IivX,42,47000,Alugada,2,Medico,B,25000,12.18,1,0.53,N,15
GcMdQytt-RiDk,jLf4w7ic-LtIq,IXED4HIj-AfDg,26,44000,Alugada,4,Reforma_casa,G,12500,22.11,1,0.28,S,2
X9RRQCcG-t6UM,atDdX9MS-tpls,z6iOY709-49Wp,22,70000,Hipotecada,6,Emprendimento,B,2000,10.74,0,0.03,N,2
ooCuoy4F-kCg3,l5St51I8-7O9F,8hTvmgCX-ysCW,31,86500,Propria,0,Pessoal,C,25000,13.57,0,0.29,S,10
OO6JCDKX-lQsR,Iwr9vPco-RuFY,yFzTypp9-laih,40,66000,Propria,25,Pessoal,C,6125,14.65,0,0.09,N,13
kryym1cH-heh5,BNeCLtE8-FOIz,5dY99y6b-xBfR,26,54000,Hipotecada,8,Medico,D,5000,15.62,1,0.09,S,4
nRvBf6AT-uwwD,R2DjteJm-okIr,TawQPb2j-Uksk,29,47500,Alugada,0,Pessoal,A,12000,8.94,0,0.25,N,5
OymK6fi6-lI56,eaNY5x96-t9ds,ffuGYamJ-NfOY,25,62004,Hipotecada,10,Reforma_casa,C,15000,13.47,0,0.24,N,4
cIugDUB4-TXRL,tgDXdZJy-PYx3,Lw2Of0Y5-QHXU,29,45000,Hipotecada,13,Educativo,A,13000,9.63,0,0.29,N,9
6cKKKDpt-Imku,J3r3pDan-iN0A,1tSuv8ds-vKmw,22,78000,Hipotecada,6,Educativo,E,16000,16.45,0,0.21,S,2
93jf0PTI-F38o,K8d0yxrq-cpsx,CtfoLkhP-Baal,31,140000,Hipotecada,15,Pagamento_dividas,A,12000,7.88,0,0.09,N,9
D6I1lyQc-Eugq,MmFeuh7U-18mz,g3Dmh60Z-FNIz,22,130000,Hipotecada,6,Pessoal,C,3000,13.49,0,0.02,N,2
iGGeAv5q-jDOq,jwazv6YE-rgG8,lEJKmago-KPf3,26,29364,Alugada,4,Reforma_casa,C,6000,13.35,1,0.2,S,4
4DGaHYeZ-0nEI,CF6JEia3-JgDG,m0irAyyX-XUuZ,23,99200,Hipotecada,7,Pagamento_dividas,A,23000,6.91,0,0.23,N,4
5foPsoaY-RS45,GQT96fxo-C1aR,5QlSbnQq-zXhY,33,26400,Alugada,3,Medico,B,1000,10.99,0,0.04,N,7
QrA1hDlE-1S1P,JUo3YYIM-A8uj,xs0EvRxa-PrP5,27,39000,Hipotecada,0,Pagamento_dividas,C,6900,12.87,0,0.18,N,9
Yh8NMi89-fINf,EjcdpjCl-Hh2r,ggBpbnWy-Tkuz,24,70550,Alugada,8,Medico,D,9000,15.05,1,0.11,S,2
1j5hFy8U-cMQ2,Z7FgSk8P-RpzS,qY8vDt1u-11C8,25,49963,Hipotecada,9,Educativo,B,2100,11.49,1,0.04,N,3
xA9Sjw5i-WaLh,nqI8PCGe-xGSH,o305PIYM-CcUQ,34,105000,Alugada,0,Pessoal,A,8000,8.38,0,0.08,N,8
EYYhhs5s-ezHQ,OjaiQWgs-AShG,s7CLEkzE-c9Bc,28,80004,Hipotecada,5,Medico,A,12000,6.91,0,0.15,N,6
IqeFL5Pf-BLYM,0aEhMG47-XTWT,Pz1NXlKU-kI40,24,82000,Outros,2,Pessoal,A,14700,9.63,0,0.18,N,3
qwYGaMrJ-N0nq,FFWXEBBX-aAwf,MjwBapkv-xbYP,30,73524,Hipotecada,2,Educativo,D,10000,14.74,0,0.14,N,8
sQNHxKNK-410Q,1N7aA5fZ-d7oj,y3QrWMYP-xAzs,28,26400,Alugada,7,Pessoal,C,5000,13.11,1,0.19,S,6
i0QwS0Ez-KeRW,5CoCn9LN-k0W8,wOH59A98-L1Ap,26,24000,Hipotecada,10,Medico,A,5000,7.66,1,0.21,N,3
xvP5ILxj-dsdt,B7LpXEqJ-lWUD,kb7JEdPl-wujJ,22,58000,Alugada,0,Educativo,A,17475,7.51,0,0.3,N,3
3x327SGP-oY7H,EDOeOFFJ-3voF,ZH2GxAhb-3Of0,40,110000,Alugada,0,Educativo,B,20000,10.38,0,0.18,N,16
njCTNZrl-H6gM,rMUuJlA6-uwkl,ucz7qlvG-COvC,26,75000,Hipotecada,4,Pagamento_dividas,B,21000,11.48,0,0.28,N,4
rFA0MI4U-7P7X,5yzDQvQl-3FMC,Y5oAeAEn-p0Z1,24,52000,Alugada,8,Educativo,D,20000,15.65,1,0.38,S,2
jEhyjJDB-LWwQ,CQiNbjfC-Sd2q,ZTuRXqqU-WYs0,26,120000,Hipotecada,8,Educativo,B,25000,9.76,0,0.21,N,3
0PAPNDD3-sNbr,ULI4Ilf6-dXqe,dabl6mkn-QqfY,24,66996,Hipotecada,5,Educativo,B,10000,9.62,0,0.15,N,2
O5qRgjzt-ueaH,MYzyII9d-zZJC,IoZax1qJ-T4mQ,25,42000,Alugada,2,Medico,B,2000,9.25,0,0.05,N,3
9eP24Xkj-n5yI,uCAElyDu-KcwU,adwuOXyZ-kDq9,23,60000,Alugada,1,Pagamento_dividas,A,3000,7.51,0,0.05,N,2
ZpqXh0I9-cKdA,CAg3JCku-UZcy,csgXg2K9-wrqd,24,46325,Hipotecada,6,Medico,A,3600,7.68,0,0.08,N,4
tEKC76id-k9NQ,jU7llGc7-EzgF,sFeWzZU3-3Lpa,26,100000,Hipotecada,5,Pagamento_dividas,B,24000,10.99,0,0.24,N,4
FTEEc3Bv-ufJU,skc1ZQhW-v3aX,AGxbrHU4-hajo,24,63000,Hipotecada,8,Pessoal,F,20000,19.13,0,0.32,S,3
BjhdT2YO-9cjM,aiOQHnOL-DM5x,jopmjC7h-zaXg,26,60000,Alugada,1,Reforma_casa,A,4800,7.9,0,0.08,N,3
XTI32tEU-RySK,a4zN1w8F-gciz,bP2HXhE8-QnMM,25,120000,Hipotecada,9,Medico,A,5000,8.49,0,0.04,N,3
YHbYlf0t-cucT,jbuCkSOM-1NzG,jrIoexRz-L6ZG,28,15000,Alugada,1,Medico,B,4800,10.99,1,0.32,N,8
GEc77D6v-uxck,NH0cpll7-Gk8z,DMfglE7g-SeoQ,24,28800,Alugada,0,Medico,C,5300,15.27,0,0.18,N,3
udS00u1H-Bo0q,r8UfcwyW-sQqF,Ft2l3jwo-Sqwz,23,70000,Alugada,2,Emprendimento,B,11500,11.86,0,0.16,N,3
RcdcEBGA-xlxi,qiHRqPpA-ynyy,qxB7lcLF-5gbI,23,75000,Alugada,7,Educativo,C,18000,12.73,0,0.24,S,4
prCh68kY-LNqa,k4Yiqa2W-UjtO,TxthpHPp-zXnp,28,39000,Alugada,0,Medico,A,9600,7.49,0,0.25,N,8
L2ED40Pu-tqWn,G070Tsjs-kTrB,xvaoWhPg-NobU,24,80000,Hipotecada,6,Reforma_casa,C,7000,14.65,0,0.09,N,4
0wd2vduY-UeOc,EGZCADrj-0MUK,1hFHz82W-JzEl,35,58788,Hipotecada,8,Pagamento_dividas,B,2200,11.99,0,0.04,N,6
4NSSKykq-5sta,BPBRoPkY-FJFx,Fsp3Df5t-eHXW,23,25200,Alugada,1,Educativo,A,5500,7.9,0,0.22,N,2
DSH0ghIx-3A6n,8SlTf8gj-6ZKM,wLFf4Tcg-iGoR,31,60000,Propria,0,Educativo,B,24250,12.18,0,0.4,N,7
kSljsUPC-P69k,nhwNop5a-nc5L,uydI7vU5-7Hf2,41,56448,Alugada,5,Emprendimento,B,10000,9.99,0,0.18,N,17
nf2cYR8g-MgSp,gp7W8s0h-4AkX,9MX3jpeX-FNdL,24,49232,Alugada,8,Educativo,A,8500,6.54,0,0.17,N,4
EmODM5ih-6fTB,qXh0KQ1b-sq8O,5FOyIRyW-rAy5,34,135000,Hipotecada,7,Educativo,C,15000,13.47,0,0.11,S,7
2b9qqcp9-5kvD,vaEBWNz5-iobw,ywYmrdJZ-a04w,28,100000,Propria,5,Emprendimento,C,11000,13.61,0,0.11,S,8
4pUq8OUI-4esP,QC9NptvY-bRWq,HFTs1eRL-eYnB,44,37000,Alugada,0,Medico,C,3500,12.87,0,0.09,S,13
cYYNiNKz-fZY6,giyZvDWq-N8kW,v6EIFId1-Fkkn,28,65000,Alugada,12,Emprendimento,D,10000,14.96,0,0.15,S,6
JLC4RCg3-Fxvu,pZhNTnDh-yn4m,HBlW8cC3-uZXF,27,41500,Alugada,0,Medico,C,10000,11.09,0,0.24,S,6
uOS0y1au-673O,NeA1lykz-mAEE,AqrLpObf-6Jn2,23,90000,Alugada,0,Pagamento_dividas,A,10000,7.49,0,0.11,N,3
LgypOYZg-i8JL,h5GvqsRx-Cn2J,v0hynSsj-RaWk,22,14400,Alugada,0,Pagamento_dividas,B,7200,11.71,1,0.5,N,4
ybAe1BPU-Ti5a,n8CiEfn1-5tQo,UXQfaOiC-999C,28,67386,Hipotecada,11,Reforma_casa,A,1500,6.91,0,0.02,N,6
YzGMx8PU-WpHm,FDwjGPeT-NFnu,5vafXRAW-5Ku9,31,39000,Alugada,0,Reforma_casa,D,16450,16.02,1,0.42,N,10
0spEgKqm-l3s4,QhJfSynu-dQTo,EcSuirUA-q8cO,35,72500,Hipotecada,0,Pagamento_dividas,B,4000,10.25,0,0.06,N,6
H9k1OfAY-cTL4,mpvqMXti-Lm6I,CTi7f96S-s9AC,27,112500,Hipotecada,4,Reforma_casa,D,10400,15.62,0,0.09,S,6
aXJioK19-jYBk,gfP1sJ5n-Nu2J,ASJ0Rsy5-rxOA,41,30840,Alugada,8,Medico,B,6000,10.59,0,0.19,N,13
1lR9tLiN-F4eO,T2CL2S7S-GTYO,4UjAJtng-fRyf,23,32000,Alugada,6,Pessoal,A,3600,9.63,0,0.11,N,3
MWx6JpG5-C7nd,ThHUiQBz-9Coz,TEU3JXG5-snbP,25,111262,Hipotecada,2,Pessoal,B,20000,12.53,0,0.18,N,3
Q6b5qEr1-1eKe,FnjMtNdB-U4K0,fHq3cl6Z-cmIZ,25,155004,Hipotecada,9,Reforma_casa,A,10500,7.49,0,0.07,N,2
A8u528IB-qTxu,oX7467ri-zKFt,IZPykaHc-x8GL,30,46500,Hipotecada,8,Emprendimento,A,6000,7.88,0,0.13,N,8
bMh3qHrs-YnLZ,XZOMh8qj-SAr1,yjnuhQND-P5hz,30,19200,Hipotecada,2,Reforma_casa,C,4750,13.61,1,0.25,S,8
uLpMpatF-Ym6K,r0pzqJiP-TGOw,yYufYxw8-Iult,33,84000,Hipotecada,17,Emprendimento,A,20000,5.99,0,0.24,N,8
o0tBpYbF-FtS4,wMg0tDwq-s1tl,Mocuzkzh-ddDU,35,54084,Alugada,2,Pagamento_dividas,C,3000,12.61,0,0.06,N,6
DjCzPEe5-Swtz,NPqOKM4E-0fr5,LywWZFSU-qtEZ,26,42500,Alugada,2,Educativo,C,3500,12.61,0,0.08,S,4
zivttnOy-kv9A,boG9fi69-Uqoy,7hgHU3an-zPZd,38,89000,Hipotecada,2,Pessoal,A,6000,5.42,0,0.07,N,13
uv0FXRYy-180p,uXzuYwwc-8W0f,0WhdGzaH-tszq,28,58000,Hipotecada,11,Pagamento_dividas,B,6700,9.99,0,0.12,N,5
WuegmwtG-K66U,T2y7xlDO-q8qB,kQkSjq5U-foHF,54,129000,Hipotecada,6,Educativo,B,9000,11.49,1,0.07,N,18
Y7J4ZQDW-t6yF,0NwFFrCa-go7u,zmdM973L-16Ab,25,95000,Alugada,3,Pagamento_dividas,A,7100,6.99,0,0.07,N,2
UW1yuZtW-9fJW,XqXkob4a-iGUy,IWPvwhiD-Gq7X,47,65000,Alugada,1,Pagamento_dividas,C,3100,13.49,0,0.05,S,12
53e48ctt-EI9X,tway0ahU-64tL,JCfrWmN5-jz7T,39,126000,Hipotecada,3,Medico,B,14000,9.99,0,0.11,N,14
2wt9z0qJ-LpjG,9UswRTJo-YKGt,GbSjMnFy-buqN,47,59827,Hipotecada,9,Educativo,D,6000,15.58,1,0.1,N,15
YY70ra0g-swwH,kQ7Q5tvh-CGJY,PbTkia6O-spHx,35,31000,Hipotecada,9,Educativo,C,15000,13.16,0,0.48,N,9
4a1BPcoq-iuyU,e43y9fnS-2ymF,klBfFDj5-7jWC,23,40308,Hipotecada,1,Medico,A,5000,7.68,0,0.12,N,3
ZLD8LWSG-Hamv,eZqZzEWs-8Ml8,tcjxGzSO-UOb2,26,70000,Alugada,2,Reforma_casa,B,10000,9.45,0,0.14,N,3
h9utdMAA-kePr,CH0uUhDl-RpaO,vDhFKSad-K8Hw,22,38117,Hipotecada,0,Pessoal,B,13500,11.83,0,0.35,N,4
z9wcGPTf-kyIT,nWGNTNF3-4ZXy,lKyCNAle-pEzT,27,32160,Alugada,1,Medico,D,4000,15.99,1,0.12,N,9
cnJ7CN36-pMbv,oqQiXeTo-19dI,UcL5nwvI-5KDu,39,50760,Alugada,4,Educativo,E,6725,16.45,0,0.13,N,11
nx8WiBlR-FICO,tq3ptvQt-dF4D,l3919d0n-tFmO,26,40000,Alugada,3,Pagamento_dividas,B,5000,9.45,0,0.13,N,3
5824pQhy-Elh7,wD54wD2r-ABbr,QaeYPJb5-xUWD,21,23000,Alugada,5,Pessoal,C,6250,13.48,0,0.27,S,3
AmB0KWwS-ZAse,SBizNPUH-XkaU,2sSBIDp4-YKpN,33,98000,Alugada,2,Educativo,A,20000,6.91,0,0.2,N,5
RpaAz4dd-j6Am,gS1mBuce-axdu,Tlg4XgaW-UOAi,28,59520,Hipotecada,9,Pessoal,A,5000,8.59,0,0.08,N,7
9JJhrt2p-O6Tj,1KH4czgb-oMjs,abW09Etv-DCAv,27,130000,Hipotecada,3,Emprendimento,B,24000,10.99,0,0.18,N,10
hBKx3676-OKjb,cQZfmtRA-owLd,KB7wpDFX-UJgu,25,130000,Hipotecada,2,Emprendimento,D,19400,16,0,0.15,S,4
bdFwRjFC-XfBU,3ACAOfZz-Z5pR,h96ZrmXm-2M4t,21,31680,Alugada,5,Medico,C,15000,12.61,1,0.47,S,4
LL6n62nU-cGq6,k06FeAlM-2k9d,H8pkhMFg-3kO8,27,60000,Hipotecada,3,Educativo,A,5075,5.99,0,0.08,N,8
qun2JY68-bCn0,JM6R7xgF-jije,nSsG9jTE-Bbya,35,98300,Hipotecada,8,Pessoal,A,15000,7.88,0,0.15,N,5
BURXbiKG-GtSw,mrrjfwk9-YjKY,TFUsuMvP-xRj0,25,43200,Hipotecada,6,Educativo,C,3600,14.79,0,0.08,S,2
7UeCq7Aa-Gdj1,r1vJlIgD-ugjL,M3a6NOvr-1eg3,28,50400,Alugada,8,Educativo,D,18500,16.02,1,0.37,N,5
sqWOuJOe-0MP0,2GqbgwId-qpcQ,8iSf2PmQ-Jcin,29,84000,Hipotecada,11,Medico,A,15000,6.99,0,0.18,N,7
bmtpe1sE-DisA,unKOE8EI-ZXeJ,ErMMUlzl-9anv,26,98000,Alugada,8,Pagamento_dividas,B,6000,10.99,0,0.06,N,3
j0hkaZAi-WJpB,34UCigpM-LcHm,uOqK9td7-y2TX,29,40000,Hipotecada,9,Pessoal,A,5000,6.99,0,0.13,N,7
aSLEPium-ONsu,0kpyNK1D-uxSp,vkcQZISI-XZEk,46,54196,Hipotecada,17,Emprendimento,B,4500,11.49,0,0.08,N,14
h2Cpa6Iq-LXWm,hATvfuep-5stU,fAjrf5al-1cDi,33,36000,Hipotecada,10,Emprendimento,A,5000,8.49,0,0.14,N,9
UPPkW3ub-iqyh,56ajhAS7-rvGY,W63yqHRd-XGcp,22,65000,Hipotecada,0,Pessoal,A,7200,8.9,0,0.11,N,2
yd9Y5ql2-UN8S,GMM67Jso-KIbb,IHizOYWZ-ZrC2,41,83000,Hipotecada,6,Reforma_casa,B,3000,11.83,0,0.04,N,12
3RnI6l62-M0T5,Rk5lxfOB-bgRl,PeYsDsk4-fAOX,28,25200,Alugada,2,Educativo,B,3700,9.62,0,0.15,N,8
yav8W9d4-AkOy,0iIRCtxF-znTP,My5niQ0H-n7WX,28,80000,Hipotecada,0,Reforma_casa,B,6500,11.11,0,0.08,N,7
0tbWA6qD-CfZj,JqGHaThA-qDep,m8HYy9Li-pKcy,36,16800,Alugada,2,Emprendimento,C,1200,13.06,0,0.07,N,14
rqvU6Dv9-zhyo,P6wK0IEW-7vwy,IjkwNnRA-MDaK,28,52000,Alugada,12,Emprendimento,A,10000,6.92,0,0.19,N,8
ah3vvPaI-MeYG,npGU8f2c-np02,yyAi9EmJ-eSZi,30,70000,Hipotecada,6,Reforma_casa,A,10200,6.91,0,0.15,N,8
EkkZJaAD-ztRj,TjBFkaFv-ktPH,COg53naJ-dW6B,23,79000,Alugada,4,Medico,B,5600,11.12,0,0.07,N,4
XF4WS3a6-vE9v,cmyxd9gd-ZGNY,Qqm3wQht-wMLs,23,44400,Alugada,0,Educativo,B,1500,11.63,0,0.03,N,2
c2UzEMa2-Qm8d,CoYDBpPE-ALjN,CFnAhz56-3mIa,24,76000,Hipotecada,9,Pagamento_dividas,D,7000,12.92,1,0.09,N,3
EIKRR2Ja-kga3,8p5eeZYN-Ebar,75H1E1qW-TKOf,23,88000,Alugada,7,Pessoal,A,9600,5.79,0,0.11,N,3
4Fvtibj1-o9aw,HYHROQTb-Lnzq,geK2Ahdy-qRHf,22,48888,Alugada,1,Pessoal,C,18400,13.16,1,0.38,N,2
krOElz2C-yyeB,4cDtxFpB-eKMk,u7g3TdjX-vMtY,32,99996,Hipotecada,16,Pagamento_dividas,A,7000,7.14,0,0.07,N,10
W47Xtke0-ufUi,XglL49ZL-Hj67,E0nyJ2SB-hlUi,22,60000,Hipotecada,6,Pagamento_dividas,C,6000,13.11,0,0.1,S,4
RCx9phN5-6v4H,URiDxeTv-BhBi,NPZ9A4cA-i85i,30,45000,Alugada,1,Educativo,A,6000,7.51,0,0.13,N,5
DLvGK2PL-y7Ql,FU6DhXRp-pgxq,F6jkIyxu-2R1W,31,22000,Alugada,5,Emprendimento,F,1400,22.06,0,0.06,S,7
SYjn4BnP-aRJ5,kK6iv5KF-vXT7,0uhsJweU-Iqwk,32,58650,Alugada,6,Medico,D,17400,15.05,1,0.25,N,6
EY2k9mt7-WhMx,TS0iHRpW-YaJw,mEkb44qu-YIlM,29,55000,Alugada,3,Pessoal,B,1200,9.99,0,0.02,N,6
Yef5R0t9-v4Ot,AjftqDPa-n3IZ,1xh8aPdq-47X4,28,90000,Alugada,0,Emprendimento,C,4000,13.49,0,0.04,N,8
IeqaKxFd-z06u,bEGhh4QT-84ND,9Jws0Dti-CacT,21,62316,Hipotecada,5,Medico,A,10000,7.66,0,0.16,N,4
s3GL4nB8-WEcB,HRWe2fpt-t2Dr,hpJcFnzR-Lu04,24,90100,Alugada,6,Medico,B,13000,12.69,1,0.12,N,4
yaDRZcQl-707P,Ccn6cIUi-Iq70,yXCtc4IK-3trp,36,64000,Hipotecada,20,Pagamento_dividas,E,6800,18.39,1,0.11,S,12
jHYAppM2-EStn,KKq836nn-xxa6,RAMFWbv0-WzsY,25,74500,Alugada,3,Medico,B,6000,9.99,0,0.08,N,4
PwLDl0it-usNr,LRLR03uY-R4iv,z0Jdp7Oj-PxhH,26,28000,Alugada,5,Emprendimento,A,9800,7.29,1,0.35,N,4
JIxHg0yR-rNMt,lUTwykiO-Qf79,U9oLYAlb-FyWX,36,41000,Alugada,18,Pagamento_dividas,B,12400,10.65,0,0.3,N,14
TwHzRe6x-8X0r,D83As0OO-ttbb,T7m6u4mX-K4lp,36,49901,Hipotecada,13,Reforma_casa,C,8400,13.61,0,0.17,S,12
EO4Iq6n4-vERD,k7mUkmr0-R6hT,3ThT0gc2-TAq7,35,43000,Alugada,19,Medico,C,1200,13.8,0,0.03,N,7
OzsnPo6z-Irw2,m2knercx-yufc,UYaIvf9m-Gb98,27,18000,Alugada,2,Pessoal,D,2500,14.74,1,0.14,N,8
57Xv669D-XRib,vh6b3E2u-T2ZB,w3fKU8E6-7Lyg,24,46000,Alugada,8,Pagamento_dividas,A,5700,7.66,0,0.12,N,3
aesrq97G-ESND,K2mFAeIy-1JUH,DpCqesTF-BRLR,36,105859,Propria,20,Emprendimento,B,12000,11.99,0,0.11,N,15
hUx77FXL-KuEe,ehheoW0b-JZhg,0gXrhpc4-BKfL,40,55000,Propria,2,Reforma_casa,B,8000,11.36,0,0.15,N,17
LoDJWYhk-Nkn3,B2wzGFH0-gvs7,2YtEeTsK-v8iK,25,45000,Hipotecada,4,Medico,A,5000,7.88,0,0.11,N,3
xR9NgLWB-jxw9,fTQP1wD6-tCDD,ezrCWlIx-TTqk,26,60000,Alugada,10,Pagamento_dividas,A,16000,7.49,0,0.27,N,2
r0RRIdK2-tmQX,xodXOCRS-Uopb,WbhPLvY7-wCcK,25,29120,Alugada,0,Reforma_casa,D,6400,16.29,1,0.22,N,2
QUORAnym-9z5c,7QEZdm7E-tA5R,7yBsnkoi-A3Pf,28,38000,Alugada,7,Pessoal,C,5000,13.49,1,0.13,N,6
krmMias0-Qfp4,Fvq7kLAH-RnIg,irzSaGQW-EkTT,24,13000,Alugada,4,Pessoal,B,4000,9.88,1,0.31,N,2
5v0e41Fq-D335,pOKNllWE-sm9j,1d9GkUQv-1YvZ,33,35000,Propria,4,Emprendimento,A,10000,8.49,0,0.29,N,5
mfdQg2Ar-sEJy,5tCjsrwG-tYv1,YqQvc0K0-Rrad,24,30000,Hipotecada,4,Medico,D,10000,15.99,1,0.33,S,2
nyZJ0qzU-d43j,dXeqhFMX-jASj,KyDxKPF0-8SRq,24,35000,Hipotecada,8,Emprendimento,B,2000,10.37,0,0.06,N,2
xkQ4p1Nm-OWKO,oN5b0tkm-3pQj,yo6srWF0-zlJc,24,75000,Hipotecada,0,Reforma_casa,A,12000,6.92,0,0.16,N,4
Iuxnqxxe-3vW9,nS0HRgoS-dDUz,xSJPpryr-2z2R,28,115000,Alugada,0,Reforma_casa,A,2850,6.54,0,0.02,N,7
BJB5UYda-1JkH,4CB7XA8P-6zJS,sB4zWhgi-tDTU,23,50000,Hipotecada,7,Medico,D,7500,15.62,1,0.15,N,3
kP6YblO8-j6aA,vG4aKXlG-Hdx4,XKtkP46Y-S91M,32,78000,Alugada,1,Medico,B,4000,9.88,0,0.05,N,6
F7BJ6Qhu-xanH,aJ1y0M2D-6Lw6,EQZxKrh0-u3mE,31,80000,Alugada,2,Medico,A,6000,6.03,0,0.07,N,10
FlJKWu1j-0oE6,n6KSy3Is-KnGX,I4rCuMdo-pZva,23,78000,Hipotecada,4,Pagamento_dividas,C,6000,12.99,0,0.08,N,3
0FWvbQqZ-zbh9,rhgOxOXd-I3Ro,Qlox83UJ-9J7r,40,38000,Alugada,4,Pagamento_dividas,D,7000,15.99,1,0.18,N,16
Oh4GXOTy-O7mH,3yGusBtI-1Upo,LrNdfgiA-Ws3y,22,36000,Alugada,1,Emprendimento,A,6000,7.51,0,0.17,N,4
33wDEGbA-BHaU,xjxUL2KT-Zsqf,gY8y9W60-jO9d,24,85000,Hipotecada,2,Medico,B,7000,12.69,0,0.08,N,4
eh8znsvt-5zlj,s3usWEHI-GKvf,fU7fuzR4-tFQY,23,62900,Alugada,1,Medico,E,16000,16.35,1,0.22,N,4
OULZEbmG-xnuS,B8LEFMjM-A8CQ,6SheX71X-L9PJ,40,38000,Alugada,4,Pagamento_dividas,D,7000,15.99,1,0.18,N,16
QQSLLUXU-ulq6,jBeKLq17-p2Bv,mKBmvPiW-w8UW,38,55000,Alugada,9,Reforma_casa,D,3325,16.89,0,0.06,N,14
xwwrjzlq-nxzp,wkvyLJqO-4poh,EU2yi0bj-5bKN,32,55000,Propria,4,Reforma_casa,E,15250,16.35,0,0.28,S,6
v5Og9g6Q-oObw,FsK5JeS0-7Cuj,NArjCQTX-klUU,22,77237,Hipotecada,0,Medico,A,5875,6.17,0,0.08,N,3
JPgmjLP3-t5wZ,4C6Wex9Y-vztf,BbxBbuvr-m8G2,23,29120,Propria,0,Educativo,A,6400,8.94,0,0.22,N,4
pFCQyhPk-ufsy,MqyXSBEK-QiRA,er8DTo3q-mtAz,27,26400,Alugada,0,Pessoal,B,8000,10.59,1,0.3,N,7
eenFRS5k-rwfY,3Mb389gX-K7Cq,dxtYoYh7-iK7m,24,110000,Hipotecada,8,Medico,A,10800,6.99,0,0.1,N,4
As4LTMHJ-yAkK,wuvey91K-hevT,qC12Tudl-4M18,36,40000,Alugada,6,Medico,C,5000,12.61,0,0.13,N,13
ZDExNlbs-yrb7,6qnwTAGS-AvUk,Ua02MB7F-2W0T,35,70000,Alugada,1,Reforma_casa,C,10000,13.98,0,0.14,N,7
yAYEB6DC-fA9Q,T5jyuGbZ-WAqz,lkXklYMD-pPeL,27,75805,Alugada,1,Pagamento_dividas,E,13450,16.32,1,0.18,N,8
R336gkkK-6okh,neQD2c8x-uvGM,nt6a1sDI-nZcc,24,38000,Propria,2,Reforma_casa,C,5000,12.53,0,0.13,N,3
agPQltMg-bPUc,oPSL86HL-OIE9,kE7GkfY5-zO7N,25,58650,Alugada,7,Medico,D,5600,14.84,1,0.08,N,4
gBHzGko8-3OZO,c2GSiAFv-nxiZ,sxiRYhvz-P4AZ,23,101138,Hipotecada,2,Educativo,C,20500,13.48,0,0.2,N,4
zD1lBCeU-m4Ef,4dH43pb0-FAMy,sg9vPdWL-ftzH,24,102000,Hipotecada,6,Emprendimento,B,9800,10.36,0,0.1,N,2
LYNJxGzj-KlUb,jk0pvCfy-Cgim,9d32CoEi-9f1l,22,60000,Hipotecada,2,Educativo,A,1000,9.63,0,0.02,N,3
xNEs70O3-8wkj,rYjDBzit-bNv9,y5AQGWCO-lpkm,44,80000,Hipotecada,28,Emprendimento,D,25000,15.33,0,0.31,S,17
9O1pxBxI-zw6o,x5ClzSq9-xct6,IFULbDK8-p2t3,27,69000,Alugada,0,Pessoal,D,9000,16.77,1,0.13,S,6
ElEaTOsa-G2Af,UywOrwCk-8ySE,oDbw8tcv-i9KO,23,75885,Hipotecada,7,Educativo,C,3000,11.03,0,0.04,N,4
IFosmpcn-RH5k,3T5L3JbR-dSI0,QOcLpQcm-xRHa,32,41000,Alugada,2,Medico,D,6400,15.65,1,0.16,S,6
Uz8g9PGd-wstE,BH4wCvc0-e74L,YDMO3jIi-7SJj,24,85000,Hipotecada,5,Reforma_casa,B,12000,11.14,0,0.14,N,3
hKIFqldO-I592,2c9781MH-Yxp8,QyE8d9Xs-KT33,29,140000,Alugada,5,Pagamento_dividas,C,20000,13.49,0,0.14,S,8
qvGzhlqa-IDgI,ofFXNAfH-z9st,mogyWRRa-rU2I,24,39000,Alugada,1,Pagamento_dividas,E,5000,16.77,1,0.13,S,3
q7p8al6p-kovf,IzAKBBp8-4hek,8kFbSpx8-Ca6l,29,24000,Propria,3,Pessoal,A,7200,7.51,0,0.3,N,6
sZULSelX-ItT4,cK6p9GS8-UFut,KFR1CBCd-aCa5,25,50000,Alugada,6,Emprendimento,A,8000,7.9,0,0.16,N,4
ZqH0ApqM-b40i,Tll0rfYY-fWe5,w6UMnPZy-rNmt,37,84000,Alugada,4,Reforma_casa,B,5000,10,0,0.06,N,16
RG4MrZcc-50KW,7s4lG8cS-sWKI,CfODAK0Q-g0Mf,26,33000,Alugada,6,Educativo,B,4800,12.69,0,0.15,N,4
STNrm7cp-XJyt,ig00yrTU-rfMq,rYlwI93r-s1nN,30,49000,Alugada,14,Medico,B,1800,11.71,0,0.04,N,5
ZHxUvive-HglM,EcvzI9si-WG0y,76JyScpF-U5hF,31,16000,Alugada,1,Educativo,C,3000,13.85,1,0.19,S,6
frRko7FM-IApy,ymPMM0eB-NhOm,LGpZ9aiA-UaAh,25,107000,Alugada,0,Emprendimento,A,10000,8.38,0,0.09,N,3
OcNDWtMS-nH6u,NHAEzNct-uha2,7uT2Tjyb-AkSb,24,78000,Hipotecada,3,Pagamento_dividas,B,20000,10.37,0,0.26,N,2
iYqgtksx-8mMH,UNPqtSds-79YB,74iQ8a9P-kijl,23,56000,Alugada,2,Pessoal,B,12000,10.75,0,0.21,N,3
E24tdG2E-XSjf,aqKurn4w-Nzei,lSIr04Er-zx2e,28,225000,Hipotecada,11,Educativo,E,9000,16.95,1,0.04,S,8
TqMkt1FG-n6Oa,Xyppv91Z-69Pk,XiKZ4kpG-MQkv,26,78000,Hipotecada,7,Emprendimento,A,7200,6.62,0,0.09,N,4
KpgbTqmR-PM0H,ipCruesi-JaTQ,J63X0dFA-STxu,27,48000,Alugada,5,Emprendimento,B,12000,11.71,0,0.25,N,6
hhnQk1SP-Tiub,ipNpAjSe-Inzu,7UnJUtub-P86W,24,30000,Alugada,6,Medico,A,6000,7.51,0,0.2,N,3
Wdl1lCx4-QUS0,ajsOBYFy-9m0f,5GO8igkz-bP72,25,86004,Hipotecada,3,Pessoal,A,15000,6.91,1,0.17,N,4
gJsBUlrn-jTAk,eJbdDmWC-p9Tk,0RhymsFC-9PEA,38,95000,Hipotecada,5,Educativo,A,4000,9.63,0,0.04,N,12
U46zimod-U1IL,EijcIM6k-kA1f,ipm9eSMR-w5JA,24,29120,Alugada,0,Emprendimento,B,5000,10.99,0,0.17,N,4
4u7OfZ9O-2QTh,7HimLQKT-Z7EW,KSCahLjU-ljvU,32,80000,Alugada,6,Pagamento_dividas,B,9600,11.14,0,0.12,N,5
hbF2wr7y-0bzm,tavKKaun-M4QZ,c205XEpZ-y7vP,23,39000,Alugada,2,Reforma_casa,D,10000,15.2,1,0.26,N,4
BQCCdyQU-Pztt,q4UndYYT-iQ47,qM449qNp-PNZ6,38,105000,Hipotecada,22,Emprendimento,A,12350,6.62,0,0.12,N,11
XcGo1Ykn-243c,Fohd8qcE-ahpQ,xmAietGA-Jthc,24,18000,Hipotecada,3,Emprendimento,C,1200,11.34,0,0.07,S,4
gTN4tllO-ZtsY,2DGOS6eU-RSsN,qRcJUWHv-AJlB,34,60000,Alugada,14,Reforma_casa,C,10000,13.57,0,0.17,N,6
CpwukCKo-TmIJ,vuqGxPXy-FUwg,2ZA4QLbr-DNBF,24,74900,Hipotecada,8,Reforma_casa,A,3500,6.39,0,0.05,N,3
vh8YLviN-EaY1,8ZQ8nzD0-RwCl,3Cl9be1c-AtYJ,42,44000,Alugada,0,Educativo,C,8400,13.57,1,0.19,S,13
HOJWjAmm-pS2Z,d4BneHMg-ZZHL,hNw8eZZ4-6MZt,23,93000,Alugada,6,Pessoal,C,20000,13.22,1,0.22,N,3
jd9c8jdM-XRwb,hyzrkwAS-zXNL,1FOTi6fL-c7t7,23,75000,Alugada,2,Medico,A,8000,7.9,0,0.11,N,4
fk6ey35m-DNUd,9xtYTq0a-gDFh,7ePOTwkH-OMeT,28,37000,Hipotecada,12,Pessoal,B,1000,10.99,0,0.03,N,6
PB9LPDXz-B5kR,36INMjmK-GjJG,UgId82Rn-n7uK,28,14400,Alugada,2,Emprendimento,C,4800,14.65,1,0.33,S,9
RmHwpMTQ-nCTJ,S91jbMIf-wa1o,ggur9FJw-1vHW,30,130000,Hipotecada,14,Emprendimento,B,7000,9.91,0,0.05,N,9
IMBGp6Qc-RkP6,v4YJgLey-EO1u,Du30qLJU-UecW,22,69500,Hipotecada,6,Medico,C,6000,13.48,0,0.09,N,3
G3RzoFBh-eMnq,Ax3Co1Up-lWGh,ypuTEwum-QuLD,29,55000,Alugada,2,Pagamento_dividas,B,10000,12.53,0,0.18,N,9
t6IH1XbO-RxFG,RE4vIUyJ-mkvs,m6Pnb84o-26lg,22,24000,Alugada,6,Pagamento_dividas,B,7125,9.67,0,0.3,N,3
MbNPvzJd-KFOZ,4RNxPcWI-9XwF,UmaI2ch7-ZIAk,28,42500,Alugada,2,Pagamento_dividas,A,10000,7.88,0,0.24,N,6
3JSSSnj3-B0I3,zMZ81hhC-02CM,gdfsMwiK-gecB,25,21000,Alugada,0,Emprendimento,B,5175,12.53,0,0.25,N,4
CjhffvPM-qRRH,zuE3USEB-ClAU,n7pkC7Js-f4LL,22,63600,Propria,1,Emprendimento,A,4000,6.76,0,0.06,N,2
fh71fit3-RNSw,ndJZG6Mr-c3rX,mztCTxNt-pTkT,24,45000,Hipotecada,0,Emprendimento,A,6000,7.88,0,0.13,N,3
ZH9oCTKo-ozib,iRetg4aT-4xF5,p4A57tQw-k5q9,26,103200,Hipotecada,8,Pessoal,A,9000,6.76,0,0.09,N,2
YvAeLrKC-m7eP,QySap8aN-6uJ8,z1Mx5CrE-zvlO,27,99996,Hipotecada,0,Emprendimento,C,3000,12.84,0,0.03,N,10
WNzLQ2E0-FBJG,Q8m0vvez-oCk6,cPGN7aGN-1SS6,26,70000,Hipotecada,0,Pessoal,D,8000,14.84,0,0.11,N,3
XOY4Dd7F-waIr,DkyT3iho-3U6D,gtBIrn5N-hrq0,21,75000,Hipotecada,5,Pessoal,A,9000,5.99,0,0.12,N,4
BRBwpkKU-Fl3J,KirWcDrI-PtJC,tsf1uSue-PRj1,23,95000,Alugada,3,Pessoal,A,10000,6.17,0,0.11,N,3
NxmHzMq5-LKzZ,8bZESkS1-Sttf,RoB8ymjd-p5Kw,24,74000,Alugada,1,Reforma_casa,D,10000,14.54,1,0.14,N,2
rrSUvj65-M3Ug,UN79Bb1b-lqco,vDlFOJHY-Gieq,25,34000,Alugada,10,Reforma_casa,B,20000,8.88,1,0.59,N,4
yjDm3AvT-zyCy,xj9v9K9k-s3Wk,9BESIcGP-BjAs,22,48000,Alugada,6,Educativo,C,15000,15.96,1,0.31,N,3
QUvzjOOj-kNdj,IBMbOuFj-f6ut,mPu4WpWi-CrQg,25,62000,Hipotecada,9,Educativo,B,2100,11.86,0,0.03,N,2
nlHeTjAN-qEsQ,WjERk7bk-flUT,3HhI12oD-Y2QI,32,176000,Hipotecada,15,Pessoal,D,2400,14.42,0,0.01,S,10
5hWzOW5a-M1eA,qYQRcHau-G7pZ,PkCNMt5s-hu68,26,42000,Alugada,0,Emprendimento,B,6000,11.12,0,0.14,N,4
ORxQddQE-tZM0,NsdbqCiP-vgX2,ABjYxmmF-OGoJ,52,30000,Alugada,6,Emprendimento,C,5000,12.73,0,0.17,N,18
PU3RXixa-GE9k,Uk4qjGHc-CfXE,P3GLl7qD-qAyx,22,44094,Alugada,1,Pessoal,A,3600,7.37,0,0.08,N,2
xAZwUKvT-BKbb,tXZw21nh-MRP4,ShvuZspU-TEBU,29,77000,Hipotecada,3,Pessoal,A,5000,7.14,0,0.06,N,7
JTDL4rdY-ZX45,pw1D8xS2-dvfH,dctkd8zk-uYR6,28,30000,Alugada,0,Pessoal,B,8400,11.89,0,0.28,N,10
Kpzf8Ll0-r5tA,mvTg1J3Z-I6HB,vahJw1oD-SxUA,31,41000,Alugada,1,Medico,B,4000,10,0,0.1,N,10
8gdQZWr0-aMIc,Anns2BRW-AXw6,AbWC2Iwh-E1j3,21,47000,Alugada,5,Emprendimento,D,7000,14.96,0,0.15,S,3
wTdg3KD8-y7gz,toJaioCZ-dus9,ALqQnRp2-I61W,23,60626,Alugada,4,Educativo,A,8625,7.9,0,0.14,N,4
qdRmbLR7-dCdi,r8Fe5XFx-GoNC,1oNa4ln2-5QRq,37,36000,Hipotecada,21,Emprendimento,A,8000,7.88,0,0.22,N,15
msneyluQ-1NEG,uFdAfvIz-CfpJ,7TXwL37G-y7TE,32,70000,Hipotecada,7,Pessoal,A,6000,5.42,0,0.09,N,6
uxeuJoCJ-Lxh1,sGUueWJp-hllY,CKkwfMGA-6lqD,35,33996,Alugada,2,Medico,D,3600,16.32,1,0.11,N,5
EpFSOG4M-qvsD,E9SuTRbF-YJwB,Uo6X40o4-rRuQ,28,25000,Alugada,0,Emprendimento,A,7000,6.92,0,0.28,N,6
YtxzOXU1-rlXJ,N4WD99H7-BxgM,mzWgoMkk-4N13,33,75000,Alugada,0,Medico,A,12000,7.88,0,0.16,N,10
uTy4JRie-XCne,lyLNRrBX-Q2RZ,o47omDcH-2W8l,22,40000,Propria,5,Medico,B,6000,9.25,0,0.15,N,3
DdZLzcE5-ZqD0,MkD1gc0r-W5Xj,QKn8JInO-A6Dq,37,57552,Hipotecada,0,Pagamento_dividas,A,15000,9.63,0,0.26,N,12
d2vCzGvY-PhLX,SmuPuMDD-b1dF,8JJuGcKG-dLM2,29,92200,Alugada,7,Emprendimento,D,25000,14.96,0,0.27,N,5
4OgZwuec-ldJq,J2ULtupJ-Rpec,qIxn5hGs-fCOj,27,36000,Hipotecada,0,Educativo,A,6825,8.32,1,0.19,N,9
DjLN68mw-6o78,vBpea1tZ-DrZm,Hd4goEjD-BOD4,23,112000,Hipotecada,5,Pessoal,B,12000,11.99,0,0.11,N,3
H9owiUl1-bjDy,6ZcacGJ0-3FiF,uGmTDrTc-4xQv,28,69000,Hipotecada,5,Pagamento_dividas,D,20000,14.91,1,0.29,S,5
hvXUwAz3-cHDk,bopbFDLD-HdI3,9s3kj9ic-5kKi,42,40800,Hipotecada,5,Pagamento_dividas,A,10400,7.51,0,0.25,N,14
j6nMLQjA-jx8r,mC2v5rBp-pfda,slG0EH14-KGIl,33,41277,Alugada,3,Educativo,B,3000,10,1,0.07,N,8
g6Zbe5GH-KExK,I65aJMU9-Mqn0,z1qXPfkJ-X2Ha,34,37000,Alugada,2,Medico,D,16000,12.99,1,0.43,S,9
Ke3nGp32-Xzq9,tF4tdrqJ-Yftp,FfH1Fv7w-MYBH,29,73000,Alugada,2,Reforma_casa,A,8000,7.4,0,0.11,N,7
qGI4OAeG-9ynU,EaXIXKbM-jHWm,grSRJq7x-Mthu,22,89004,Alugada,7,Pagamento_dividas,A,17000,9.63,0,0.19,N,4
dXixvW5l-ObOt,xo79pAME-elmp,XMAXAPXe-8W3E,32,63000,Hipotecada,6,Pessoal,A,8000,6.17,0,0.13,N,8
Sj7HWxNp-2mFc,znepUziH-WlZP,mAhxaMd7-5syl,30,130000,Hipotecada,6,Pagamento_dividas,A,10000,8.49,0,0.08,N,10
aQmXNNYi-HWQx,bRRoWzUv-HtkY,lHTfzEab-BicX,26,125000,Alugada,6,Emprendimento,A,10000,7.49,0,0.08,N,2
vgPgBT3I-I6PL,jimz1RTo-uo0q,HuX5mSjw-ER0R,23,70000,Hipotecada,7,Pagamento_dividas,A,3500,5.42,0,0.05,N,2
fGOTdRSB-8508,A1TlrjGo-DAXJ,Nm57TkGH-8BXj,28,50000,Alugada,1,Pessoal,B,4800,10.37,0,0.1,N,10
1ZmQ8qlQ-YhW7,M1mFTCpK-oYkW,64oWnLIG-HO13,23,114000,Hipotecada,1,Educativo,B,17325,11.99,0,0.15,N,2
4vzWth8D-vncv,UqlKrpZC-jXm8,SwLmtsHy-iBiG,30,48500,Alugada,0,Medico,B,4200,11.48,0,0.09,N,7
rxrqFnhM-8Hyn,MP37gHxu-f42a,dwo2mzCE-cH3E,31,115000,Hipotecada,4,Emprendimento,C,6500,13.98,0,0.06,N,9
MvQLojJX-Wpro,5Xvbh6uE-JNcM,qG3qNfox-OY6H,27,60174,Hipotecada,11,Medico,B,3025,10.99,1,0.04,N,10
uTvPo9uw-kBSF,b2QYTBCR-3U6q,MGDLNxyF-cBl8,29,70000,Alugada,9,Pessoal,B,8000,12.53,0,0.11,N,5
5UZ8mXOg-N5Kn,bnQa8az9-meYr,E8pEn247-8keL,30,45000,Hipotecada,5,Educativo,B,3250,10.62,0,0.07,N,6
38FnibPA-7SnL,KF7lmQvv-yJul,RlFF6zB5-AN9A,27,110000,Propria,0,Emprendimento,D,25000,16.32,0,0.23,S,7
efBo03YP-pMtp,CoiuG2WO-bBy7,OYesXYQ3-36Ee,25,80000,Hipotecada,5,Pagamento_dividas,A,8500,7.51,0,0.11,N,2
gBYcKqmc-sTBi,K0pG1MyW-rcTd,qUSgykqJ-3B8p,25,51300,Alugada,9,Pagamento_dividas,A,3600,7.49,0,0.07,N,3
PZw9yf8I-kcKU,ifzSHjwx-rXWT,npkuseAo-5msm,25,36000,Alugada,9,Pagamento_dividas,C,6000,14.72,0,0.17,N,2
vsXL7eNd-Jzcz,S6KZziX5-sh08,fCfuKew0-PhRb,22,38628,Hipotecada,6,Pagamento_dividas,B,4800,9.99,0,0.12,N,4
uZYQtZI5-ZKmG,n9R4kQQj-6Gqf,ZvzjFmzc-BkNK,36,62000,Alugada,3,Pagamento_dividas,B,8000,11.12,0,0.13,N,13
sGrl3O1z-M5N3,v3gNZzhv-wFRy,Xut2Rgh7-dcYz,21,26400,Propria,2,Emprendimento,A,4000,7.51,0,0.15,N,4
M1ft4yrw-m5fU,O8pF2wY2-Edab,qMaqL52d-UN7D,30,71000,Alugada,2,Pessoal,A,12000,8.9,0,0.17,N,9
Ju4kCgmS-xiiy,5LyBJELi-vWhh,DYtt80Cc-eQ5q,21,68000,Alugada,4,Educativo,B,18000,10.65,0,0.26,N,2
dncGOzj9-jAs1,cmbiYst2-aSiz,yengFyys-f72O,29,150000,Hipotecada,1,Medico,C,10000,13.49,0,0.07,N,10
CB1G2KiJ-PlUe,nT2MUt83-wmzc,nkb86w8g-NIoA,55,34000,Alugada,0,Pagamento_dividas,A,12000,6.92,1,0.35,N,30
zJ6IUPti-jzLU,8TmOpGEo-sYtn,aO70gehn-JKek,26,58000,Alugada,9,Pessoal,B,10500,11.48,0,0.18,N,2
cH946vXW-WjBa,Ikgztx2r-OIih,5n2pweZp-4Y0T,33,94000,Alugada,4,Reforma_casa,B,7000,11.49,0,0.07,N,10
9Ho3tpmh-LpGz,MHaWsLah-0Q5F,Z5pLlbDm-Zwx7,40,32000,Alugada,2,Pagamento_dividas,D,8000,14.96,1,0.25,S,17
pj3J2cR5-bL6d,tm3fwisr-79ma,lFNxGw0T-xZQ1,39,45000,Hipotecada,3,Pessoal,C,12000,14.72,0,0.27,N,13
rbyZLzGQ-rkRu,CcCCpa0d-PITn,EDorPCIW-AbjL,26,45000,Alugada,0,Pagamento_dividas,B,9000,10.39,0,0.2,N,2
09gdhdqR-kiFy,DcAxKqOk-o2Er,msvyb3Ok-vs15,25,45000,Propria,5,Emprendimento,B,10400,10.25,0,0.23,N,3
3nDk6xCx-wxQC,DZRfM8ct-F0OP,gszHa7t2-vnfy,21,65000,Propria,5,Medico,A,5000,5.79,0,0.08,N,4
2mFUswaL-EriQ,GAtwXRoZ-w5Rz,HqNirgxz-Yvwp,31,46000,Hipotecada,5,Educativo,C,8000,13.49,1,0.17,S,5
DsgoCvsp-dZRq,NgyttEsg-HEbX,Zm6GQGmP-JEJK,29,67992,Hipotecada,0,Emprendimento,A,2000,7.43,0,0.03,N,7
6CoCEskk-PFUB,RvFMCdSH-f9RQ,zJktTQMR-PMPI,26,49000,Alugada,0,Reforma_casa,F,20000,19.79,1,0.41,N,3
kEPfALE2-aZRU,oSbzFg0S-jy08,ClkKp9CZ-3mEh,29,55400,Alugada,2,Reforma_casa,C,7000,10.28,0,0.13,S,6
983WQodi-aiwE,HPOQUX5t-iBuE,kUKqGTp2-j0di,24,48000,Propria,5,Emprendimento,A,10400,7.37,0,0.22,N,3
JWFSnzIb-cfgW,jlkfoEIv-edQZ,QslvxYcz-Tf9z,29,40000,Alugada,2,Pagamento_dividas,B,23500,11.12,1,0.59,N,8
3KbGgWIi-5qj4,nv4WWG4b-7ewB,FssCiF4E-KwHN,26,67000,Hipotecada,10,Reforma_casa,B,10000,12.21,0,0.15,N,3
vZpKymO8-RUdG,zFTAFFn0-5Yfo,kLPUkjhG-2WOW,28,42000,Hipotecada,5,Reforma_casa,A,6000,5.42,0,0.14,N,9
IOb1jbax-Uc5e,bAdy6Kn7-ok9q,Q8LuuwAa-q734,41,37000,Propria,0,Emprendimento,C,10000,13.79,0,0.27,S,13
cFjfjEYk-jG2i,3XbOa0ZK-JZyB,F35rt41I-CLZW,29,54000,Hipotecada,8,Pagamento_dividas,A,7500,7.49,1,0.14,N,9
wv95d1tM-vuLh,MCHx7mzt-JzZM,hhImQG3D-r1O9,26,50400,Hipotecada,3,Reforma_casa,B,24000,9.91,0,0.48,N,3
T25vzOCP-lzHX,DtivdrXy-Ir9e,kS43ZciY-5tHl,25,67200,Alugada,3,Reforma_casa,C,12000,13.49,0,0.18,S,4
4IJK17he-eLDa,1YKyToaj-0pD4,z4EOtRQ2-SY47,26,35000,Hipotecada,10,Medico,A,6000,7.51,0,0.17,N,3
7prh68vh-MM8D,RiYeiLf2-S1DA,Fw9yUbtY-h0cb,34,147000,Alugada,1,Educativo,A,15000,8.94,0,0.1,N,5
7aa4tFnH-NU4i,E8RXHg5h-lgJb,BRD1iQZv-ZS0x,38,61450,Propria,6,Emprendimento,A,12500,7.49,0,0.2,N,16
PPOPDOS3-rWoh,eikDMgAW-bfMx,hUn3ROqS-Ew4x,32,57223,Alugada,0,Pessoal,B,15000,11.83,1,0.26,N,5
KgvR5FTy-kN4O,GSWspYzF-gvTo,Jyua6Cyw-JkBG,23,46852,Alugada,3,Educativo,B,6800,10.65,1,0.15,N,4
IfKuTfZU-5nJc,7JunhhrX-WmX6,y92jczI7-20NX,27,40000,Hipotecada,7,Emprendimento,A,13000,7.88,0,0.33,N,7
yLMfEDY4-WadT,OadweiO3-5JOE,PgTaxHiS-Ar5q,36,185000,Hipotecada,20,Emprendimento,B,6000,10,0,0.03,N,15
t13fLusg-j5dS,7WYviPsR-eHWw,4ddHkejz-MUx1,34,16800,Propria,0,Pessoal,C,1600,13.72,0,0.1,S,5
rHenuKNb-oZFy,rsITvSLf-hkjD,zivTXPym-I8EA,22,46000,Alugada,3,Pagamento_dividas,A,8000,6.17,0,0.17,N,2
OSEIqq7y-H08N,cINmRq89-ipeS,AMFicg0f-dLtK,25,32000,Alugada,7,Pagamento_dividas,A,11000,7.66,1,0.34,N,3
Me5rmk7p-nqro,DIxvkdA7-EUBO,2czY2uEN-kfYf,22,36000,Alugada,0,Emprendimento,C,10000,15.27,1,0.28,N,2
WQc88kwr-HYvY,MbClbAF5-R8zJ,ldU7p8KH-lFb1,22,37440,Alugada,1,Educativo,C,3200,13.04,0,0.09,S,2
NWK38QJ5-5jOG,5DOnaekt-Wu4e,gHm8jB7k-zxSK,23,75000,Hipotecada,0,Pessoal,A,5400,8.94,0,0.07,N,3
ja33cHcn-3m0C,YhmDv0sy-cky7,NXwrXu6P-fmPE,24,40000,Alugada,1,Medico,C,3600,13.49,0,0.09,N,3
6BuauDP0-Mwuy,JqY6UUYJ-FXjJ,SldxewtT-GC1K,32,18000,Propria,0,Emprendimento,A,4750,7.88,1,0.26,N,6
Gfup4zx3-hctx,hFZ6xQab-2D77,oAbMEdx6-xsPI,30,50000,Hipotecada,2,Educativo,B,3975,10.99,0,0.08,N,8
CtTFKg2h-aLRd,e4OErulu-TeYi,i94WyFAI-CGie,23,65000,Hipotecada,7,Pessoal,A,5000,7.43,0,0.08,N,4
ZyrdvtuK-ykiz,B7eJU2Ez-QbK4,kSKX2TkY-X2R3,29,54099,Hipotecada,2,Pagamento_dividas,B,21000,9.96,0,0.39,N,6
wvZ4ETy2-gheu,XcNwfrJw-XBwo,fQJRj3HS-Z7ET,24,35000,Hipotecada,7,Educativo,A,15000,7.49,0,0.43,N,4
Tqb2fvFF-DKyx,GaxEpfQ8-grd5,EC8lbAGf-39W7,36,47500,Hipotecada,8,Pagamento_dividas,A,2700,5.79,0,0.06,N,14
ZRLcxSkk-ABy8,BcCWuOOu-f4yY,qU3Rkxna-v3BJ,25,33168,Hipotecada,9,Pessoal,C,6000,15.96,1,0.18,N,4
PJ6rYjdv-QQib,zk6AWrwc-xYYe,PJUwFYaE-A33r,24,80000,Alugada,7,Educativo,E,4400,19.03,0,0.06,S,2
2HNtsvGY-MpK2,RDvsu0Or-2SQj,D7qKCj8p-cQJp,23,132000,Hipotecada,5,Pessoal,A,15000,6.99,0,0.11,N,2
ffog5Rng-ct36,okaQydt9-Fh5d,6a3B7GTf-uwJT,22,50004,Hipotecada,0,Educativo,A,12000,7.37,0,0.24,N,2
lddfTsvN-yFQY,AOobCxtc-zXkn,uvkSG8JE-KYBX,34,100000,Alugada,5,Pessoal,B,6000,10.99,0,0.06,N,9
OSd9pfuT-xTL8,MpM7izUE-WMLB,T4UwhZdp-5Ag6,28,60000,Hipotecada,4,Pagamento_dividas,A,8000,7.88,0,0.13,N,5
W5LPrFGB-wmjq,c2YN3eRu-jj6c,GU8eqbLO-GPB5,22,100000,Hipotecada,0,Pagamento_dividas,B,20000,11.83,0,0.2,N,2
SDPNBRKj-Zisw,XlZOwFxr-vHmn,ff9L6BCe-LZ7C,21,30067,Alugada,5,Emprendimento,C,10750,12.68,1,0.36,N,3
zehk00t1-iybv,iOwOKSHQ-og2v,0RxD8qGz-GXID,22,25000,Propria,6,Emprendimento,A,13000,7.88,0,0.52,N,3
A2NbHUDI-lw4Z,1mqD04ze-bKMO,SDBeaeQB-kmcH,35,46654,Hipotecada,19,Educativo,B,17000,11.83,0,0.36,N,10
DlOwKWZ1-Yrp7,b2vBKv2M-2IYp,vEERJZi9-KXPU,26,50000,Hipotecada,5,Reforma_casa,B,12375,10.99,0,0.25,N,3
mKwcshGJ-eKiv,RiM2YZ1K-jjgR,XpCGSyhg-YquR,23,72000,Alugada,8,Medico,B,3000,11.99,0,0.04,N,2
FRPpnRW4-XN33,z3NK3iih-O8ce,0DrvW5Ml-4ZKg,28,81996,Hipotecada,12,Educativo,B,3000,12.42,0,0.04,N,5
HyrgePEX-4w7T,ekJs4nR5-Uv06,gwgZJtkp-PSAJ,24,62000,Hipotecada,8,Pessoal,A,5875,6.03,0,0.09,N,2
6W3my3Ec-PCMO,iwq6BKc7-jYx6,5cqRyMyC-oRHi,29,60000,Propria,13,Medico,C,9600,14.35,0,0.16,S,6
vTvXZh7O-7HgC,JnaDqsBH-wYh5,yKWMYkfH-Neal,22,56400,Hipotecada,6,Pessoal,E,25000,16.4,1,0.44,N,3
qZb35jNe-yENP,1lwh61mO-MCZr,r1WWBtu4-k05o,26,42000,Alugada,4,Educativo,B,12800,10.59,0,0.3,N,2
3UuMz8iQ-yaxP,G8W8sBba-NQFN,cZ8Qoq97-Zawx,32,140304,Hipotecada,8,Medico,A,20000,6.91,0,0.14,N,10
FIL9lbYO-YRl3,arUidqN5-H6fe,ueLSrlJZ-erYo,22,62000,Alugada,2,Educativo,C,8000,12.68,0,0.13,S,4
Zm8Rpkdy-EbEp,oSn4wszt-yYo3,frOmGOv2-4lOK,37,19896,Alugada,0,Educativo,E,10000,17.14,1,0.5,N,11
WZxfKHBK-lKGE,LZdPDESd-IxIQ,8tW2uW77-D3B2,27,17000,Alugada,6,Pessoal,B,2875,11.71,1,0.17,N,10
xn4fhio6-jEc1,ItWmjhAI-y90L,aHSAEg7H-FJAD,30,70000,Alugada,4,Emprendimento,B,2500,10.36,0,0.04,N,7
xcjlTfou-k9Ts,t92HUWI1-FFDp,zrsAMZO3-E3On,25,59436,Hipotecada,1,Pagamento_dividas,A,7500,6.76,0,0.13,N,3
M0zMttNL-msM9,x9OnrzYF-tgk9,Dlur9fsv-QAyP,23,92004,Hipotecada,7,Emprendimento,B,24250,11.12,0,0.26,N,4
iihdpBbj-JYuP,4d7PHEoN-6tqF,6qgQ9KyD-LDAv,34,100000,Hipotecada,8,Reforma_casa,A,15000,6.17,0,0.15,N,10
aH3Q2sY2-guq2,bW8TAJgs-Ar1o,BGi512MG-r4MZ,23,54000,Hipotecada,7,Pagamento_dividas,D,5000,14.96,1,0.09,S,2
QSi3n1uR-x95v,4gZM9xoI-Wa0z,KptO4H6R-yYw7,24,52000,Hipotecada,8,Pessoal,B,5000,10.99,0,0.1,N,3
WmZgC1as-pPWi,CLCjnK4d-LMQ6,J036R6ks-uFEx,22,34000,Alugada,0,Reforma_casa,D,1200,14.61,1,0.04,S,4
eshM6ISs-ZHyA,JEX8Chvs-mYKG,8BQOiGcO-FUwl,25,175000,Alugada,4,Reforma_casa,D,10000,15.05,0,0.06,S,4
S3bNY0rt-Z7Xj,hDq82mqo-2XwP,mJRBGuJB-rIRX,22,60000,Hipotecada,6,Emprendimento,A,7800,7.29,0,0.13,N,2
ePGnRsZ9-Xkxv,2tF2XE85-tC3b,cKbx2N4L-eLcW,22,80000,Alugada,3,Pessoal,D,33950,14.54,1,0.42,S,4
hidzs2MU-uMer,vTmLtUlk-jPWc,4tu4UaT3-cRT3,29,20000,Propria,0,Emprendimento,A,3000,8,0,0.15,N,5
d2TLlvuA-MkzQ,FNMqGvoR-43Gu,JnoAaRe3-Iu63,23,36000,Propria,7,Emprendimento,D,8000,15.65,0,0.22,N,4
ZbhEO4FG-hi66,dt1qrRj7-MYMA,KzjETFJA-EYhZ,22,92700,Hipotecada,1,Emprendimento,A,9250,7.9,0,0.1,N,3
PBMo6RAn-Agl9,8DoFPbdD-vlzr,pwUfFWBe-hWTP,22,42000,Alugada,3,Pessoal,C,10000,13.98,0,0.24,N,2
wdGbXa2N-Qnuh,nkAs8zn7-9Wnv,Nggpr8Iy-a85p,22,35000,Alugada,5,Educativo,A,8000,7.29,0,0.23,N,2
PU1hDyLd-JUJQ,mcBmGvjo-6TPu,GuNzTBZ5-Gj6u,32,53500,Alugada,1,Pessoal,C,4200,13.98,0,0.08,S,10
vjWGzcss-faju,JMaJG1jL-oph2,viWXvgtq-PHi9,28,75000,Alugada,0,Reforma_casa,B,20000,11.11,0,0.27,N,7
HSpD19um-FeRw,KGJYAGHW-MamU,GeyOKon9-SfgI,38,90000,Hipotecada,9,Pessoal,C,14000,12.73,0,0.16,S,12
vuapM6Wp-q7r1,ZjdyUQ9p-0x7B,FSggdWZM-oovG,22,52000,Alugada,6,Emprendimento,B,10000,11.71,0,0.19,N,2
45zjIWAZ-OiTY,tD7HX4GM-ibaP,b3oEdGbE-0QWA,24,40000,Alugada,0,Pessoal,A,10000,8.49,0,0.25,N,3
9hEOBJhs-9GLm,Bli5FFo1-U9yw,JF87OvRO-Y293,22,12000,Hipotecada,7,Educativo,D,1500,14.84,0,0.13,S,3
HytJWYNG-ydng,pSHBtD09-jcj7,Ri8xl6Ro-hHgH,26,45000,Alugada,3,Medico,A,6000,7.49,0,0.13,N,3
71Mt5hfG-Po21,aGsSWFDK-hHbI,oLwhrmE7-lHgx,23,51996,Alugada,0,Reforma_casa,F,3400,17.58,1,0.07,N,4
EKKwGxTK-J3ts,GiDtdsFr-Uwqq,f9HZ02mT-rnHu,27,54000,Alugada,5,Medico,B,3200,12.69,0,0.06,N,10
sgYaqxjQ-BHt5,1vvmLXKa-CsLT,oq1UqKe4-SXEk,23,36100,Alugada,2,Pagamento_dividas,A,5000,7.49,0,0.14,N,2
N3HlXbZv-PfB6,b8WwiqnB-fwMR,rXH6HDne-W3kJ,25,80000,Hipotecada,6,Medico,A,3000,6.03,0,0.04,N,2
YdoM3UsE-5tuU,iOghQUbD-iWy6,uvMaQE1X-JhQ4,25,150000,Hipotecada,9,Pagamento_dividas,B,25000,10.25,0,0.17,N,4
3amLR3AC-LcAN,2LBnLfBA-WhOj,xIjSvvwD-3SAs,23,45000,Alugada,2,Educativo,C,4800,13.22,0,0.11,S,4
